als_s001_003 Ambient Light Sensor Non-wakeup,ams AG,2025-03-06_18-50-19.416_TGW
imuTimestamp,accuracy(more=better),ambient_brightness[lux]
801748993,3,219.0,4000.0,1.0
801749093,3,214.0,4000.0,1.0
801749193,3,211.0,4000.0,1.0
801749293,3,206.0,4000.0,1.0
801749393,3,204.0,4000.0,1.0
801749593,3,200.0,4000.0,1.0
801749693,3,199.0,4000.0,1.0
801749793,3,197.0,4000.0,1.0
801749893,3,194.0,4000.0,1.0
801749993,3,192.0,4000.0,1.0
801750093,3,187.0,4000.0,1.0
801750193,3,184.0,4000.0,1.0
801750293,3,189.0,4000.0,1.0
801750393,3,191.0,4000.0,1.0
801750493,3,201.0,4000.0,1.0
801750593,3,206.0,4000.0,1.0
801750793,3,214.0,4000.0,1.0
801750893,3,216.0,4000.0,1.0
801750993,3,218.0,4000.0,1.0
801751093,3,221.0,4000.0,1.0
801751193,3,220.0,4000.0,1.0
801751293,3,221.0,4000.0,1.0
801751393,3,221.0,4000.0,1.0
801751493,3,221.0,4000.0,1.0
801751593,3,221.0,4000.0,1.0
801751693,3,221.0,4000.0,1.0
801751793,3,221.0,4000.0,1.0
801751993,3,222.0,4000.0,1.0
801752093,3,222.0,4000.0,1.0
801752193,3,222.0,4000.0,1.0
801752293,3,222.0,4000.0,1.0
801752393,3,223.0,4000.0,1.0
801752493,3,223.0,4000.0,1.0
801752593,3,224.0,4000.0,1.0
801752693,3,224.0,4000.0,1.0
801752793,3,224.0,4000.0,1.0
801752893,3,225.0,4000.0,1.0
801752993,3,225.0,4000.0,1.0
801753193,3,226.0,4000.0,1.0
801753293,3,225.0,4000.0,1.0
801753393,3,224.0,4000.0,1.0
801753493,3,225.0,4000.0,1.0
801753593,3,226.0,4000.0,1.0
801753693,3,225.0,4000.0,1.0
801753793,3,226.0,4000.0,1.0
801753893,3,225.0,4000.0,1.0
801753993,3,226.0,4000.0,1.0
801754093,3,226.0,4000.0,1.0
801754193,3,226.0,4000.0,1.0
801754393,3,225.0,4000.0,1.0
801754493,3,224.0,4000.0,1.0
801754593,3,224.0,4000.0,1.0
801754693,3,225.0,4000.0,1.0
801754793,3,226.0,4000.0,1.0
801754893,3,225.0,4000.0,1.0
801754993,3,225.0,4000.0,1.0
801755093,3,225.0,4000.0,1.0
801755193,3,225.0,4000.0,1.0
801755293,3,225.0,4000.0,1.0
801755393,3,226.0,4000.0,1.0
801755593,3,225.0,4000.0,1.0
801755693,3,225.0,4000.0,1.0
801755793,3,224.0,4000.0,1.0
801755893,3,224.0,4000.0,1.0
801755993,3,224.0,4000.0,1.0
801756093,3,224.0,4000.0,1.0
801756193,3,224.0,4000.0,1.0
801756293,3,224.0,4000.0,1.0
801756393,3,224.0,4000.0,1.0
801756493,3,224.0,4000.0,1.0
801756593,3,224.0,4000.0,1.0
801756793,3,224.0,4000.0,1.0
801756893,3,225.0,4000.0,1.0
801756993,3,224.0,4000.0,1.0
801757093,3,226.0,4000.0,1.0
801757193,3,224.0,4000.0,1.0
801757293,3,225.0,4000.0,1.0
801757393,3,226.0,4000.0,1.0
801757493,3,226.0,4000.0,1.0
801757593,3,226.0,4000.0,1.0
801757693,3,225.0,4000.0,1.0
801757793,3,226.0,4000.0,1.0
801757993,3,226.0,4000.0,1.0
801758093,3,225.0,4000.0,1.0
801758193,3,226.0,4000.0,1.0
801758294,3,225.0,4000.0,1.0
801758393,3,226.0,4000.0,1.0
801758493,3,225.0,4000.0,1.0
801758594,3,226.0,4000.0,1.0
801758693,3,225.0,4000.0,1.0
801758793,3,225.0,4000.0,1.0
801758893,3,225.0,4000.0,1.0
801758993,3,226.0,4000.0,1.0
801759193,3,224.0,4000.0,1.0
801759293,3,225.0,4000.0,1.0
801759393,3,226.0,4000.0,1.0
801759493,3,226.0,4000.0,1.0
801759593,3,225.0,4000.0,1.0
801759693,3,225.0,4000.0,1.0
801759793,3,226.0,4000.0,1.0
801759893,3,225.0,4000.0,1.0
801759993,3,225.0,4000.0,1.0
801760093,3,225.0,4000.0,1.0
801760193,3,226.0,4000.0,1.0
801760393,3,226.0,4000.0,1.0
801760493,3,226.0,4000.0,1.0
801760593,3,226.0,4000.0,1.0
801760693,3,225.0,4000.0,1.0
801760793,3,225.0,4000.0,1.0
801760893,3,225.0,4000.0,1.0
801760993,3,225.0,4000.0,1.0
801761093,3,225.0,4000.0,1.0
801761193,3,226.0,4000.0,1.0
801761293,3,225.0,4000.0,1.0
801761393,3,226.0,4000.0,1.0
801761593,3,225.0,4000.0,1.0
801761693,3,225.0,4000.0,1.0
801761793,3,226.0,4000.0,1.0
801761893,3,224.0,4000.0,1.0
801761993,3,224.0,4000.0,1.0
801762094,3,224.0,4000.0,1.0
801762193,3,224.0,4000.0,1.0
801762293,3,224.0,4000.0,1.0
801762393,3,225.0,4000.0,1.0
801762493,3,225.0,4000.0,1.0
801762593,3,225.0,4000.0,1.0
801762793,3,224.0,4000.0,1.0
801762893,3,224.0,4000.0,1.0
801762993,3,224.0,4000.0,1.0
801763093,3,224.0,4000.0,1.0
801763193,3,224.0,4000.0,1.0
801763293,3,224.0,4000.0,1.0
801763393,3,224.0,4000.0,1.0
801763493,3,224.0,4000.0,1.0
801763593,3,224.0,4000.0,1.0
801763693,3,224.0,4000.0,1.0
801763793,3,225.0,4000.0,1.0
801763993,3,224.0,4000.0,1.0
801764093,3,225.0,4000.0,1.0
801764193,3,224.0,4000.0,1.0
801764293,3,224.0,4000.0,1.0
801764393,3,224.0,4000.0,1.0
801764493,3,224.0,4000.0,1.0
801764593,3,224.0,4000.0,1.0
801764693,3,224.0,4000.0,1.0
801764793,3,224.0,4000.0,1.0
801764893,3,224.0,4000.0,1.0
801764993,3,224.0,4000.0,1.0
801765193,3,224.0,4000.0,1.0
801765293,3,224.0,4000.0,1.0
801765393,3,224.0,4000.0,1.0
801765493,3,224.0,4000.0,1.0
801765593,3,224.0,4000.0,1.0
801765693,3,226.0,4000.0,1.0
801765793,3,225.0,4000.0,1.0
801765893,3,225.0,4000.0,1.0
801765993,3,225.0,4000.0,1.0
801766093,3,224.0,4000.0,1.0
801766193,3,224.0,4000.0,1.0
801766393,3,225.0,4000.0,1.0
801766493,3,226.0,4000.0,1.0
801766593,3,225.0,4000.0,1.0
801766693,3,225.0,4000.0,1.0
801766793,3,225.0,4000.0,1.0
801766893,3,225.0,4000.0,1.0
801766993,3,226.0,4000.0,1.0
801767093,3,224.0,4000.0,1.0
801767193,3,225.0,4000.0,1.0
801767293,3,224.0,4000.0,1.0
801767393,3,223.0,4000.0,1.0
801767593,3,223.0,4000.0,1.0
801767693,3,223.0,4000.0,1.0
801767793,3,222.0,4000.0,1.0
801767893,3,221.0,4000.0,1.0
801767993,3,220.0,4000.0,1.0
801768093,3,219.0,4000.0,1.0
801768193,3,219.0,4000.0,1.0
801768293,3,219.0,4000.0,1.0
801768393,3,219.0,4000.0,1.0
801768493,3,219.0,4000.0,1.0
801768593,3,219.0,4000.0,1.0
801768793,3,221.0,4000.0,1.0
801768893,3,222.0,4000.0,1.0
801768993,3,222.0,4000.0,1.0
801769093,3,223.0,4000.0,1.0
801769193,3,223.0,4000.0,1.0
801769293,3,223.0,4000.0,1.0
801769393,3,223.0,4000.0,1.0
801769493,3,223.0,4000.0,1.0
801769593,3,223.0,4000.0,1.0
801769693,3,223.0,4000.0,1.0
801769793,3,223.0,4000.0,1.0
801769993,3,223.0,4000.0,1.0
801770093,3,223.0,4000.0,1.0
801770193,3,222.0,4000.0,1.0
801770293,3,222.0,4000.0,1.0
801770393,3,222.0,4000.0,1.0
801770493,3,222.0,4000.0,1.0
801770593,3,223.0,4000.0,1.0
801770693,3,223.0,4000.0,1.0
801770793,3,222.0,4000.0,1.0
801770893,3,222.0,4000.0,1.0
801770993,3,222.0,4000.0,1.0
801771193,3,223.0,4000.0,1.0
801771293,3,223.0,4000.0,1.0
801771393,3,223.0,4000.0,1.0
801771493,3,223.0,4000.0,1.0
801771593,3,223.0,4000.0,1.0
801771693,3,223.0,4000.0,1.0
801771793,3,223.0,4000.0,1.0
801771893,3,223.0,4000.0,1.0
801771993,3,222.0,4000.0,1.0
801772093,3,222.0,4000.0,1.0
801772193,3,222.0,4000.0,1.0
801772393,3,222.0,4000.0,1.0
801772493,3,222.0,4000.0,1.0
801772593,3,222.0,4000.0,1.0
801772693,3,222.0,4000.0,1.0
801772793,3,222.0,4000.0,1.0
801772893,3,222.0,4000.0,1.0
801772993,3,222.0,4000.0,1.0
801773093,3,223.0,4000.0,1.0
801773193,3,225.0,4000.0,1.0
801773293,3,225.0,4000.0,1.0
801773393,3,223.0,4000.0,1.0
801773593,3,222.0,4000.0,1.0
801773693,3,222.0,4000.0,1.0
801773793,3,221.0,4000.0,1.0
801773893,3,221.0,4000.0,1.0
801773993,3,221.0,4000.0,1.0
801774093,3,220.0,4000.0,1.0
801774193,3,220.0,4000.0,1.0
801774293,3,220.0,4000.0,1.0
801774393,3,221.0,4000.0,1.0
801774493,3,221.0,4000.0,1.0
801774593,3,221.0,4000.0,1.0
801774793,3,222.0,4000.0,1.0
801774894,3,222.0,4000.0,1.0
801774993,3,222.0,4000.0,1.0
801775093,3,222.0,4000.0,1.0
801775193,3,222.0,4000.0,1.0
801775293,3,222.0,4000.0,1.0
801775393,3,222.0,4000.0,1.0
801775493,3,222.0,4000.0,1.0
801775593,3,222.0,4000.0,1.0
801775693,3,222.0,4000.0,1.0
801775793,3,222.0,4000.0,1.0
801775993,3,222.0,4000.0,1.0
801776093,3,222.0,4000.0,1.0
801776193,3,222.0,4000.0,1.0
801776293,3,222.0,4000.0,1.0
801776393,3,222.0,4000.0,1.0
801776493,3,222.0,4000.0,1.0
801776593,3,222.0,4000.0,1.0
801776693,3,222.0,4000.0,1.0
801776793,3,222.0,4000.0,1.0
801776893,3,222.0,4000.0,1.0
801776993,3,222.0,4000.0,1.0
801777193,3,222.0,4000.0,1.0
801777294,3,222.0,4000.0,1.0
801777393,3,222.0,4000.0,1.0
801777493,3,222.0,4000.0,1.0
801777593,3,222.0,4000.0,1.0
801777693,3,222.0,4000.0,1.0
801777793,3,222.0,4000.0,1.0
801777893,3,222.0,4000.0,1.0
801777993,3,222.0,4000.0,1.0
801778093,3,222.0,4000.0,1.0
801778193,3,222.0,4000.0,1.0
801778393,3,222.0,4000.0,1.0
801778493,3,222.0,4000.0,1.0
801778593,3,223.0,4000.0,1.0
801778693,3,223.0,4000.0,1.0
801778793,3,222.0,4000.0,1.0
801778893,3,222.0,4000.0,1.0
801778993,3,222.0,4000.0,1.0
801779093,3,222.0,4000.0,1.0
801779193,3,222.0,4000.0,1.0
801779293,3,223.0,4000.0,1.0
801779393,3,223.0,4000.0,1.0
801779593,3,223.0,4000.0,1.0
801779693,3,223.0,4000.0,1.0
801779793,3,222.0,4000.0,1.0
801779893,3,223.0,4000.0,1.0
801779993,3,223.0,4000.0,1.0
801780093,3,222.0,4000.0,1.0
801780193,3,223.0,4000.0,1.0
801780293,3,222.0,4000.0,1.0
801780393,3,223.0,4000.0,1.0
801780493,3,223.0,4000.0,1.0
801780593,3,223.0,4000.0,1.0
801780793,3,223.0,4000.0,1.0
801780893,3,223.0,4000.0,1.0
801780993,3,223.0,4000.0,1.0
801781093,3,223.0,4000.0,1.0
801781193,3,223.0,4000.0,1.0
801781293,3,223.0,4000.0,1.0
801781393,3,223.0,4000.0,1.0
801781493,3,223.0,4000.0,1.0
801781593,3,223.0,4000.0,1.0
801781693,3,222.0,4000.0,1.0
801781793,3,223.0,4000.0,1.0
801781993,3,224.0,4000.0,1.0
801782093,3,223.0,4000.0,1.0
801782193,3,223.0,4000.0,1.0
801782293,3,224.0,4000.0,1.0
801782393,3,224.0,4000.0,1.0
801782493,3,224.0,4000.0,1.0
801782593,3,224.0,4000.0,1.0
801782693,3,223.0,4000.0,1.0
801782793,3,224.0,4000.0,1.0
801782893,3,223.0,4000.0,1.0
801782993,3,224.0,4000.0,1.0
801783193,3,224.0,4000.0,1.0
801783293,3,223.0,4000.0,1.0
801783393,3,223.0,4000.0,1.0
801783493,3,224.0,4000.0,1.0
801783593,3,224.0,4000.0,1.0
801783693,3,224.0,4000.0,1.0
801783793,3,224.0,4000.0,1.0
801783893,3,223.0,4000.0,1.0
801783993,3,224.0,4000.0,1.0
801784093,3,223.0,4000.0,1.0
801784193,3,223.0,4000.0,1.0
801784393,3,224.0,4000.0,1.0
801784493,3,224.0,4000.0,1.0
801784593,3,223.0,4000.0,1.0
801784693,3,223.0,4000.0,1.0
801784793,3,224.0,4000.0,1.0
801784893,3,224.0,4000.0,1.0
801784993,3,224.0,4000.0,1.0
801785093,3,223.0,4000.0,1.0
801785193,3,224.0,4000.0,1.0
801785293,3,224.0,4000.0,1.0
801785393,3,224.0,4000.0,1.0
801785593,3,223.0,4000.0,1.0
801785693,3,223.0,4000.0,1.0
801785793,3,224.0,4000.0,1.0
801785893,3,225.0,4000.0,1.0
801785993,3,224.0,4000.0,1.0
801786093,3,223.0,4000.0,1.0
801786193,3,223.0,4000.0,1.0
801786293,3,224.0,4000.0,1.0
801786393,3,225.0,4000.0,1.0
801786493,3,224.0,4000.0,1.0
801786593,3,224.0,4000.0,1.0
801786793,3,224.0,4000.0,1.0
801786893,3,224.0,4000.0,1.0
801786993,3,223.0,4000.0,1.0
801787093,3,223.0,4000.0,1.0
801787193,3,223.0,4000.0,1.0
801787293,3,224.0,4000.0,1.0
801787393,3,223.0,4000.0,1.0
801787493,3,224.0,4000.0,1.0
801787593,3,223.0,4000.0,1.0
801787693,3,223.0,4000.0,1.0
801787793,3,223.0,4000.0,1.0
801787993,3,224.0,4000.0,1.0
801788093,3,224.0,4000.0,1.0
801788193,3,225.0,4000.0,1.0
801788293,3,224.0,4000.0,1.0
801788393,3,223.0,4000.0,1.0
801788493,3,224.0,4000.0,1.0
801788593,3,224.0,4000.0,1.0
801788694,3,223.0,4000.0,1.0
801788793,3,223.0,4000.0,1.0
801788893,3,224.0,4000.0,1.0
801788993,3,223.0,4000.0,1.0
801789193,3,223.0,4000.0,1.0
801789293,3,224.0,4000.0,1.0
801789393,3,225.0,4000.0,1.0
801789493,3,223.0,4000.0,1.0
801789593,3,223.0,4000.0,1.0
801789693,3,224.0,4000.0,1.0
801789793,3,225.0,4000.0,1.0
801789893,3,223.0,4000.0,1.0
801789993,3,223.0,4000.0,1.0
801790093,3,223.0,4000.0,1.0
801790193,3,223.0,4000.0,1.0
801790393,3,223.0,4000.0,1.0
801790493,3,223.0,4000.0,1.0
801790593,3,223.0,4000.0,1.0
801790693,3,223.0,4000.0,1.0
801790793,3,223.0,4000.0,1.0
801790893,3,224.0,4000.0,1.0
801790993,3,224.0,4000.0,1.0
801791093,3,224.0,4000.0,1.0
801791193,3,224.0,4000.0,1.0
801791293,3,223.0,4000.0,1.0
801791393,3,224.0,4000.0,1.0
801791593,3,224.0,4000.0,1.0
801791693,3,223.0,4000.0,1.0
801791793,3,224.0,4000.0,1.0
801791893,3,223.0,4000.0,1.0
801791993,3,224.0,4000.0,1.0
801792093,3,224.0,4000.0,1.0
801792193,3,224.0,4000.0,1.0
801792293,3,224.0,4000.0,1.0
801792393,3,224.0,4000.0,1.0
801792494,3,223.0,4000.0,1.0
801792593,3,224.0,4000.0,1.0
801792793,3,223.0,4000.0,1.0
801792893,3,224.0,4000.0,1.0
801792993,3,224.0,4000.0,1.0
801793093,3,223.0,4000.0,1.0
801793193,3,224.0,4000.0,1.0
801793293,3,224.0,4000.0,1.0
801793393,3,224.0,4000.0,1.0
801793493,3,223.0,4000.0,1.0
801793593,3,224.0,4000.0,1.0
801793693,3,224.0,4000.0,1.0
801793793,3,223.0,4000.0,1.0
801793993,3,224.0,4000.0,1.0
801794093,3,223.0,4000.0,1.0
801794193,3,223.0,4000.0,1.0
801794293,3,223.0,4000.0,1.0
801794393,3,223.0,4000.0,1.0
801794493,3,224.0,4000.0,1.0
801794593,3,225.0,4000.0,1.0
801794693,3,223.0,4000.0,1.0
801794793,3,223.0,4000.0,1.0
801794893,3,223.0,4000.0,1.0
801794994,3,223.0,4000.0,1.0
801795193,3,223.0,4000.0,1.0
801795293,3,223.0,4000.0,1.0
801795393,3,224.0,4000.0,1.0
801795493,3,224.0,4000.0,1.0
801795593,3,224.0,4000.0,1.0
801795693,3,223.0,4000.0,1.0
801795793,3,223.0,4000.0,1.0
801795893,3,224.0,4000.0,1.0
801795993,3,224.0,4000.0,1.0
801796093,3,223.0,4000.0,1.0
801796193,3,223.0,4000.0,1.0
801796393,3,223.0,4000.0,1.0
801796493,3,224.0,4000.0,1.0
801796593,3,223.0,4000.0,1.0
801796693,3,224.0,4000.0,1.0
801796793,3,224.0,4000.0,1.0
801796893,3,224.0,4000.0,1.0
801796993,3,224.0,4000.0,1.0
801797093,3,223.0,4000.0,1.0
801797193,3,224.0,4000.0,1.0
801797293,3,224.0,4000.0,1.0
801797393,3,224.0,4000.0,1.0
801797593,3,223.0,4000.0,1.0
801797693,3,223.0,4000.0,1.0
801797793,3,224.0,4000.0,1.0
801797893,3,224.0,4000.0,1.0
801797993,3,224.0,4000.0,1.0
801798093,3,224.0,4000.0,1.0
801798194,3,223.0,4000.0,1.0
801798293,3,223.0,4000.0,1.0
801798393,3,223.0,4000.0,1.0
801798493,3,223.0,4000.0,1.0
801798593,3,225.0,4000.0,1.0
801798793,3,223.0,4000.0,1.0
801798893,3,224.0,4000.0,1.0
801798993,3,224.0,4000.0,1.0
801799093,3,223.0,4000.0,1.0
801799193,3,224.0,4000.0,1.0
801799293,3,223.0,4000.0,1.0
801799393,3,223.0,4000.0,1.0
801799493,3,223.0,4000.0,1.0
801799593,3,224.0,4000.0,1.0
801799693,3,223.0,4000.0,1.0
801799793,3,224.0,4000.0,1.0
801799993,3,223.0,4000.0,1.0
801800093,3,224.0,4000.0,1.0
801800193,3,224.0,4000.0,1.0
801800293,3,224.0,4000.0,1.0
801800393,3,224.0,4000.0,1.0
801800493,3,223.0,4000.0,1.0
801800593,3,224.0,4000.0,1.0
801800693,3,223.0,4000.0,1.0
801800793,3,224.0,4000.0,1.0
801800893,3,223.0,4000.0,1.0
801800993,3,224.0,4000.0,1.0
801801193,3,224.0,4000.0,1.0
801801293,3,223.0,4000.0,1.0
801801393,3,223.0,4000.0,1.0
801801493,3,223.0,4000.0,1.0
801801593,3,223.0,4000.0,1.0
801801693,3,223.0,4000.0,1.0
801801793,3,224.0,4000.0,1.0
801801893,3,224.0,4000.0,1.0
801801994,3,223.0,4000.0,1.0
801802093,3,224.0,4000.0,1.0
801802193,3,223.0,4000.0,1.0
801802393,3,224.0,4000.0,1.0
801802494,3,224.0,4000.0,1.0
801802593,3,224.0,4000.0,1.0
801802693,3,223.0,4000.0,1.0
801802793,3,224.0,4000.0,1.0
801802893,3,224.0,4000.0,1.0
801802993,3,224.0,4000.0,1.0
801803093,3,223.0,4000.0,1.0
801803193,3,223.0,4000.0,1.0
801803293,3,224.0,4000.0,1.0
801803393,3,224.0,4000.0,1.0
801803593,3,223.0,4000.0,1.0
801803693,3,223.0,4000.0,1.0
801803793,3,223.0,4000.0,1.0
801803893,3,224.0,4000.0,1.0
801803993,3,224.0,4000.0,1.0
801804093,3,223.0,4000.0,1.0
801804193,3,223.0,4000.0,1.0
801804293,3,224.0,4000.0,1.0
801804393,3,224.0,4000.0,1.0
801804493,3,223.0,4000.0,1.0
801804593,3,224.0,4000.0,1.0
801804793,3,224.0,4000.0,1.0
801804893,3,223.0,4000.0,1.0
801804993,3,224.0,4000.0,1.0
801805093,3,223.0,4000.0,1.0
801805193,3,223.0,4000.0,1.0
801805293,3,223.0,4000.0,1.0
801805393,3,223.0,4000.0,1.0
801805493,3,223.0,4000.0,1.0
801805593,3,224.0,4000.0,1.0
801805693,3,223.0,4000.0,1.0
801805793,3,223.0,4000.0,1.0
801805993,3,224.0,4000.0,1.0
801806093,3,223.0,4000.0,1.0
801806193,3,223.0,4000.0,1.0
801806293,3,223.0,4000.0,1.0
801806393,3,224.0,4000.0,1.0
801806493,3,223.0,4000.0,1.0
801806593,3,225.0,4000.0,1.0
801806693,3,223.0,4000.0,1.0
801806793,3,225.0,4000.0,1.0
801806893,3,223.0,4000.0,1.0
801806993,3,224.0,4000.0,1.0
801807193,3,223.0,4000.0,1.0
801807293,3,224.0,4000.0,1.0
801807393,3,224.0,4000.0,1.0
801807493,3,223.0,4000.0,1.0
801807593,3,223.0,4000.0,1.0
801807693,3,223.0,4000.0,1.0
801807793,3,224.0,4000.0,1.0
801807893,3,223.0,4000.0,1.0
801807993,3,224.0,4000.0,1.0
801808093,3,224.0,4000.0,1.0
801808193,3,223.0,4000.0,1.0
801808393,3,223.0,4000.0,1.0
801808493,3,223.0,4000.0,1.0
801808593,3,225.0,4000.0,1.0
801808693,3,223.0,4000.0,1.0
801808793,3,223.0,4000.0,1.0
801808893,3,224.0,4000.0,1.0
801808993,3,223.0,4000.0,1.0
801809093,3,224.0,4000.0,1.0
801809193,3,224.0,4000.0,1.0
801809293,3,224.0,4000.0,1.0
801809393,3,223.0,4000.0,1.0
801809593,3,224.0,4000.0,1.0
801809693,3,223.0,4000.0,1.0
801809793,3,223.0,4000.0,1.0
801809893,3,223.0,4000.0,1.0
801809993,3,223.0,4000.0,1.0
801810093,3,223.0,4000.0,1.0
801810193,3,223.0,4000.0,1.0
801810293,3,224.0,4000.0,1.0
801810393,3,223.0,4000.0,1.0
801810493,3,224.0,4000.0,1.0
801810593,3,224.0,4000.0,1.0
801810793,3,224.0,4000.0,1.0
801810893,3,223.0,4000.0,1.0
801810993,3,224.0,4000.0,1.0
801811093,3,224.0,4000.0,1.0
801811193,3,224.0,4000.0,1.0
801811293,3,223.0,4000.0,1.0
801811393,3,224.0,4000.0,1.0
801811493,3,224.0,4000.0,1.0
801811593,3,224.0,4000.0,1.0
801811693,3,224.0,4000.0,1.0
801811793,3,225.0,4000.0,1.0
801811993,3,224.0,4000.0,1.0
801812093,3,223.0,4000.0,1.0
801812193,3,223.0,4000.0,1.0
801812293,3,223.0,4000.0,1.0
801812393,3,224.0,4000.0,1.0
801812493,3,224.0,4000.0,1.0
801812593,3,223.0,4000.0,1.0
801812693,3,224.0,4000.0,1.0
801812793,3,224.0,4000.0,1.0
801812893,3,223.0,4000.0,1.0
801812993,3,223.0,4000.0,1.0
801813193,3,224.0,4000.0,1.0
801813293,3,224.0,4000.0,1.0
801813393,3,225.0,4000.0,1.0
801813493,3,224.0,4000.0,1.0
801813593,3,224.0,4000.0,1.0
801813693,3,223.0,4000.0,1.0
801813793,3,224.0,4000.0,1.0
801813893,3,224.0,4000.0,1.0
801813993,3,224.0,4000.0,1.0
801814093,3,223.0,4000.0,1.0
801814193,3,223.0,4000.0,1.0
801814394,3,224.0,4000.0,1.0
801814493,3,223.0,4000.0,1.0
801814593,3,225.0,4000.0,1.0
801814693,3,224.0,4000.0,1.0
801814793,3,224.0,4000.0,1.0
801814893,3,224.0,4000.0,1.0
801814993,3,224.0,4000.0,1.0
801815093,3,223.0,4000.0,1.0
801815193,3,224.0,4000.0,1.0
801815293,3,223.0,4000.0,1.0
801815393,3,223.0,4000.0,1.0
801815593,3,223.0,4000.0,1.0
801815693,3,223.0,4000.0,1.0
801815793,3,223.0,4000.0,1.0
801815893,3,223.0,4000.0,1.0
801815993,3,223.0,4000.0,1.0
801816093,3,223.0,4000.0,1.0
801816193,3,223.0,4000.0,1.0
801816293,3,222.0,4000.0,1.0
801816393,3,222.0,4000.0,1.0
801816493,3,222.0,4000.0,1.0
801816593,3,223.0,4000.0,1.0
801816793,3,223.0,4000.0,1.0
801816893,3,223.0,4000.0,1.0
801816993,3,223.0,4000.0,1.0
801817093,3,222.0,4000.0,1.0
801817194,3,222.0,4000.0,1.0
801817293,3,221.0,4000.0,1.0
801817393,3,221.0,4000.0,1.0
801817493,3,221.0,4000.0,1.0
801817593,3,220.0,4000.0,1.0
801817693,3,219.0,4000.0,1.0
801817793,3,219.0,4000.0,1.0
801817993,3,219.0,4000.0,1.0
801818094,3,221.0,4000.0,1.0
801818193,3,221.0,4000.0,1.0
801818293,3,222.0,4000.0,1.0
801818393,3,222.0,4000.0,1.0
801818493,3,222.0,4000.0,1.0
801818593,3,222.0,4000.0,1.0
801818693,3,222.0,4000.0,1.0
801818793,3,222.0,4000.0,1.0
801818893,3,222.0,4000.0,1.0
801818993,3,222.0,4000.0,1.0
801819193,3,223.0,4000.0,1.0
801819293,3,223.0,4000.0,1.0
801819393,3,223.0,4000.0,1.0
801819493,3,223.0,4000.0,1.0
801819593,3,223.0,4000.0,1.0
801819693,3,223.0,4000.0,1.0
801819793,3,223.0,4000.0,1.0
801819893,3,221.0,4000.0,1.0
801819993,3,220.0,4000.0,1.0
801820093,3,224.0,4000.0,1.0
801820193,3,226.0,4000.0,1.0
801820393,3,226.0,4000.0,1.0
801820493,3,227.0,4000.0,1.0
801820593,3,227.0,4000.0,1.0
801820693,3,226.0,4000.0,1.0
801820793,3,226.0,4000.0,1.0
801820893,3,226.0,4000.0,1.0
801820993,3,226.0,4000.0,1.0
801821093,3,226.0,4000.0,1.0
801821193,3,226.0,4000.0,1.0
801821293,3,226.0,4000.0,1.0
801821393,3,226.0,4000.0,1.0
801821593,3,225.0,4000.0,1.0
801821693,3,225.0,4000.0,1.0
801821793,3,225.0,4000.0,1.0
801821893,3,226.0,4000.0,1.0
801821993,3,226.0,4000.0,1.0
801822093,3,226.0,4000.0,1.0
801822193,3,226.0,4000.0,1.0
801822293,3,226.0,4000.0,1.0
801822393,3,226.0,4000.0,1.0
801822493,3,226.0,4000.0,1.0
801822593,3,226.0,4000.0,1.0
801822793,3,226.0,4000.0,1.0
801822894,3,226.0,4000.0,1.0
801822993,3,226.0,4000.0,1.0
801823093,3,226.0,4000.0,1.0
801823193,3,226.0,4000.0,1.0
801823293,3,226.0,4000.0,1.0
801823393,3,226.0,4000.0,1.0
801823493,3,226.0,4000.0,1.0
801823593,3,226.0,4000.0,1.0
801823693,3,226.0,4000.0,1.0
801823793,3,226.0,4000.0,1.0
801823993,3,226.0,4000.0,1.0
801824093,3,227.0,4000.0,1.0
801824193,3,227.0,4000.0,1.0
801824293,3,227.0,4000.0,1.0
801824393,3,226.0,4000.0,1.0
801824493,3,227.0,4000.0,1.0
801824593,3,227.0,4000.0,1.0
801824693,3,227.0,4000.0,1.0
801824793,3,228.0,4000.0,1.0
801824893,3,227.0,4000.0,1.0
801824993,3,228.0,4000.0,1.0
801825193,3,228.0,4000.0,1.0
801825293,3,228.0,4000.0,1.0
801825393,3,228.0,4000.0,1.0
801825493,3,226.0,4000.0,1.0
801825593,3,227.0,4000.0,1.0
801825693,3,226.0,4000.0,1.0
801825793,3,227.0,4000.0,1.0
801825893,3,226.0,4000.0,1.0
801825993,3,226.0,4000.0,1.0
801826093,3,226.0,4000.0,1.0
801826193,3,227.0,4000.0,1.0
801826393,3,227.0,4000.0,1.0
801826493,3,226.0,4000.0,1.0
801826593,3,226.0,4000.0,1.0
801826693,3,226.0,4000.0,1.0
801826794,3,226.0,4000.0,1.0
801826893,3,227.0,4000.0,1.0
801826993,3,227.0,4000.0,1.0
801827093,3,227.0,4000.0,1.0
801827193,3,228.0,4000.0,1.0
801827293,3,228.0,4000.0,1.0
801827393,3,228.0,4000.0,1.0
801827593,3,226.0,4000.0,1.0
801827693,3,226.0,4000.0,1.0
801827793,3,226.0,4000.0,1.0
801827893,3,226.0,4000.0,1.0
801827993,3,226.0,4000.0,1.0
801828093,3,227.0,4000.0,1.0
801828193,3,227.0,4000.0,1.0
801828293,3,227.0,4000.0,1.0
801828393,3,226.0,4000.0,1.0
801828493,3,227.0,4000.0,1.0
801828594,3,226.0,4000.0,1.0
801828793,3,226.0,4000.0,1.0
801828893,3,227.0,4000.0,1.0
801828993,3,227.0,4000.0,1.0
801829093,3,226.0,4000.0,1.0
801829193,3,226.0,4000.0,1.0
801829293,3,227.0,4000.0,1.0
801829393,3,227.0,4000.0,1.0
801829493,3,227.0,4000.0,1.0
801829593,3,227.0,4000.0,1.0
801829693,3,227.0,4000.0,1.0
801829793,3,227.0,4000.0,1.0
801829993,3,226.0,4000.0,1.0
801830093,3,226.0,4000.0,1.0
801830193,3,227.0,4000.0,1.0
801830293,3,228.0,4000.0,1.0
801830393,3,227.0,4000.0,1.0
801830494,3,227.0,4000.0,1.0
801830593,3,226.0,4000.0,1.0
801830693,3,227.0,4000.0,1.0
801830793,3,227.0,4000.0,1.0
801830893,3,227.0,4000.0,1.0
801830993,3,227.0,4000.0,1.0
801831193,3,227.0,4000.0,1.0
801831293,3,227.0,4000.0,1.0
801831393,3,226.0,4000.0,1.0
801831493,3,227.0,4000.0,1.0
801831593,3,226.0,4000.0,1.0
801831693,3,227.0,4000.0,1.0
801831793,3,228.0,4000.0,1.0
801831893,3,226.0,4000.0,1.0
801831993,3,228.0,4000.0,1.0
801832093,3,228.0,4000.0,1.0
801832193,3,228.0,4000.0,1.0
801832393,3,227.0,4000.0,1.0
801832493,3,228.0,4000.0,1.0
801832593,3,228.0,4000.0,1.0
801832693,3,228.0,4000.0,1.0
801832793,3,228.0,4000.0,1.0
801832893,3,227.0,4000.0,1.0
801832993,3,227.0,4000.0,1.0
801833093,3,227.0,4000.0,1.0
801833193,3,227.0,4000.0,1.0
801833293,3,227.0,4000.0,1.0
801833393,3,226.0,4000.0,1.0
801833593,3,226.0,4000.0,1.0
801833693,3,227.0,4000.0,1.0
801833793,3,226.0,4000.0,1.0
801833893,3,227.0,4000.0,1.0
801833993,3,227.0,4000.0,1.0
801834093,3,227.0,4000.0,1.0
801834193,3,227.0,4000.0,1.0
801834293,3,226.0,4000.0,1.0
801834393,3,227.0,4000.0,1.0
801834493,3,227.0,4000.0,1.0
801834593,3,227.0,4000.0,1.0
801834793,3,227.0,4000.0,1.0
801834893,3,227.0,4000.0,1.0
801834993,3,227.0,4000.0,1.0
801835093,3,226.0,4000.0,1.0
801835193,3,226.0,4000.0,1.0
801835293,3,227.0,4000.0,1.0
801835393,3,228.0,4000.0,1.0
801835493,3,228.0,4000.0,1.0
801835593,3,228.0,4000.0,1.0
801835693,3,228.0,4000.0,1.0
801835793,3,228.0,4000.0,1.0
801835993,3,228.0,4000.0,1.0
801836093,3,227.0,4000.0,1.0
801836194,3,228.0,4000.0,1.0
801836293,3,227.0,4000.0,1.0
801836393,3,228.0,4000.0,1.0
801836493,3,228.0,4000.0,1.0
801836593,3,226.0,4000.0,1.0
801836693,3,227.0,4000.0,1.0
801836793,3,226.0,4000.0,1.0
801836893,3,226.0,4000.0,1.0
801836993,3,227.0,4000.0,1.0
801837193,3,227.0,4000.0,1.0
801837293,3,227.0,4000.0,1.0
801837393,3,226.0,4000.0,1.0
801837493,3,226.0,4000.0,1.0
801837593,3,226.0,4000.0,1.0
801837693,3,227.0,4000.0,1.0
801837793,3,228.0,4000.0,1.0
801837893,3,227.0,4000.0,1.0
801837993,3,226.0,4000.0,1.0
801838093,3,226.0,4000.0,1.0
801838193,3,226.0,4000.0,1.0
801838393,3,227.0,4000.0,1.0
801838493,3,227.0,4000.0,1.0
801838594,3,228.0,4000.0,1.0
801838693,3,227.0,4000.0,1.0
801838793,3,226.0,4000.0,1.0
801838893,3,226.0,4000.0,1.0
801838993,3,226.0,4000.0,1.0
801839093,3,226.0,4000.0,1.0
801839193,3,226.0,4000.0,1.0
801839293,3,227.0,4000.0,1.0
801839393,3,226.0,4000.0,1.0
801839593,3,227.0,4000.0,1.0
801839693,3,226.0,4000.0,1.0
801839793,3,226.0,4000.0,1.0
801839893,3,226.0,4000.0,1.0
801839993,3,226.0,4000.0,1.0
801840093,3,227.0,4000.0,1.0
801840193,3,226.0,4000.0,1.0
801840293,3,227.0,4000.0,1.0
801840393,3,228.0,4000.0,1.0
801840493,3,227.0,4000.0,1.0
801840593,3,227.0,4000.0,1.0
801840793,3,227.0,4000.0,1.0
801840893,3,227.0,4000.0,1.0
801840994,3,227.0,4000.0,1.0
801841093,3,227.0,4000.0,1.0
801841193,3,226.0,4000.0,1.0
801841293,3,226.0,4000.0,1.0
801841393,3,226.0,4000.0,1.0
801841493,3,227.0,4000.0,1.0
801841593,3,226.0,4000.0,1.0
801841693,3,226.0,4000.0,1.0
801841793,3,226.0,4000.0,1.0
801841993,3,226.0,4000.0,1.0
801842093,3,226.0,4000.0,1.0
801842193,3,226.0,4000.0,1.0
801842293,3,226.0,4000.0,1.0
801842393,3,226.0,4000.0,1.0
801842493,3,227.0,4000.0,1.0
801842593,3,227.0,4000.0,1.0
801842693,3,227.0,4000.0,1.0
801842793,3,228.0,4000.0,1.0
801842893,3,227.0,4000.0,1.0
801842993,3,227.0,4000.0,1.0
801843193,3,226.0,4000.0,1.0
801843293,3,227.0,4000.0,1.0
801843393,3,226.0,4000.0,1.0
801843493,3,226.0,4000.0,1.0
801843593,3,226.0,4000.0,1.0
801843693,3,226.0,4000.0,1.0
801843794,3,226.0,4000.0,1.0
801843893,3,226.0,4000.0,1.0
801843993,3,226.0,4000.0,1.0
801844093,3,228.0,4000.0,1.0
801844193,3,226.0,4000.0,1.0
801844393,3,226.0,4000.0,1.0
801844493,3,226.0,4000.0,1.0
801844593,3,227.0,4000.0,1.0
801844693,3,227.0,4000.0,1.0
801844793,3,226.0,4000.0,1.0
801844893,3,226.0,4000.0,1.0
801844993,3,227.0,4000.0,1.0
801845093,3,226.0,4000.0,1.0
801845193,3,227.0,4000.0,1.0
801845293,3,228.0,4000.0,1.0
801845393,3,227.0,4000.0,1.0
801845593,3,226.0,4000.0,1.0
801845693,3,226.0,4000.0,1.0
801845793,3,226.0,4000.0,1.0
801845893,3,227.0,4000.0,1.0
801845993,3,226.0,4000.0,1.0
801846093,3,227.0,4000.0,1.0
801846193,3,226.0,4000.0,1.0
801846293,3,226.0,4000.0,1.0
801846393,3,226.0,4000.0,1.0
801846493,3,226.0,4000.0,1.0
801846593,3,226.0,4000.0,1.0
801846793,3,227.0,4000.0,1.0
801846893,3,227.0,4000.0,1.0
801846993,3,228.0,4000.0,1.0
801847093,3,226.0,4000.0,1.0
801847193,3,226.0,4000.0,1.0
801847293,3,227.0,4000.0,1.0
801847393,3,226.0,4000.0,1.0
801847494,3,226.0,4000.0,1.0
801847593,3,226.0,4000.0,1.0
801847693,3,226.0,4000.0,1.0
801847793,3,226.0,4000.0,1.0
801847993,3,226.0,4000.0,1.0
801848093,3,226.0,4000.0,1.0
801848194,3,226.0,4000.0,1.0
801848293,3,226.0,4000.0,1.0
801848394,3,226.0,4000.0,1.0
801848493,3,227.0,4000.0,1.0
801848593,3,227.0,4000.0,1.0
801848693,3,226.0,4000.0,1.0
801848793,3,226.0,4000.0,1.0
801848893,3,226.0,4000.0,1.0
801848993,3,227.0,4000.0,1.0
801849193,3,228.0,4000.0,1.0
801849293,3,228.0,4000.0,1.0
801849393,3,228.0,4000.0,1.0
801849494,3,228.0,4000.0,1.0
801849593,3,228.0,4000.0,1.0
801849693,3,227.0,4000.0,1.0
801849793,3,229.0,4000.0,1.0
801849893,3,229.0,4000.0,1.0
801849993,3,228.0,4000.0,1.0
801850093,3,228.0,4000.0,1.0
801850193,3,227.0,4000.0,1.0
801850393,3,226.0,4000.0,1.0
801850493,3,226.0,4000.0,1.0
801850593,3,226.0,4000.0,1.0
801850693,3,226.0,4000.0,1.0
801850793,3,226.0,4000.0,1.0
801850893,3,226.0,4000.0,1.0
801850993,3,226.0,4000.0,1.0
801851093,3,226.0,4000.0,1.0
801851193,3,226.0,4000.0,1.0
801851293,3,226.0,4000.0,1.0
801851393,3,226.0,4000.0,1.0
801851593,3,226.0,4000.0,1.0
801851693,3,226.0,4000.0,1.0
801851793,3,226.0,4000.0,1.0
801851893,3,226.0,4000.0,1.0
801851993,3,226.0,4000.0,1.0
801852093,3,227.0,4000.0,1.0
801852193,3,226.0,4000.0,1.0
801852293,3,226.0,4000.0,1.0
801852393,3,227.0,4000.0,1.0
801852493,3,228.0,4000.0,1.0
801852593,3,226.0,4000.0,1.0
801852793,3,226.0,4000.0,1.0
801852893,3,226.0,4000.0,1.0
801852993,3,226.0,4000.0,1.0
801853093,3,226.0,4000.0,1.0
801853193,3,226.0,4000.0,1.0
801853293,3,226.0,4000.0,1.0
801853393,3,226.0,4000.0,1.0
801853493,3,226.0,4000.0,1.0
801853594,3,226.0,4000.0,1.0
801853693,3,226.0,4000.0,1.0
801853793,3,226.0,4000.0,1.0
801853993,3,226.0,4000.0,1.0
801854093,3,227.0,4000.0,1.0
801854193,3,226.0,4000.0,1.0
801854293,3,226.0,4000.0,1.0
801854393,3,226.0,4000.0,1.0
801854493,3,226.0,4000.0,1.0
801854593,3,226.0,4000.0,1.0
801854693,3,226.0,4000.0,1.0
801854793,3,227.0,4000.0,1.0
801854893,3,226.0,4000.0,1.0
801854993,3,227.0,4000.0,1.0
801855193,3,227.0,4000.0,1.0
801855293,3,227.0,4000.0,1.0
801855393,3,226.0,4000.0,1.0
801855493,3,226.0,4000.0,1.0
801855593,3,226.0,4000.0,1.0
801855693,3,227.0,4000.0,1.0
801855793,3,226.0,4000.0,1.0
801855893,3,226.0,4000.0,1.0
801855993,3,226.0,4000.0,1.0
801856093,3,226.0,4000.0,1.0
801856193,3,226.0,4000.0,1.0
801856393,3,227.0,4000.0,1.0
801856493,3,227.0,4000.0,1.0
801856593,3,227.0,4000.0,1.0
801856693,3,227.0,4000.0,1.0
801856793,3,226.0,4000.0,1.0
801856893,3,227.0,4000.0,1.0
801856993,3,227.0,4000.0,1.0
801857093,3,227.0,4000.0,1.0
801857193,3,226.0,4000.0,1.0
801857293,3,226.0,4000.0,1.0
801857393,3,226.0,4000.0,1.0
801857593,3,226.0,4000.0,1.0
801857693,3,226.0,4000.0,1.0
801857793,3,226.0,4000.0,1.0
801857893,3,226.0,4000.0,1.0
801857993,3,226.0,4000.0,1.0
801858093,3,226.0,4000.0,1.0
801858193,3,226.0,4000.0,1.0
801858293,3,226.0,4000.0,1.0
801858393,3,226.0,4000.0,1.0
801858493,3,226.0,4000.0,1.0
801858593,3,227.0,4000.0,1.0
801858793,3,227.0,4000.0,1.0
801858893,3,226.0,4000.0,1.0
801858994,3,227.0,4000.0,1.0
801859093,3,227.0,4000.0,1.0
801859193,3,227.0,4000.0,1.0
801859293,3,226.0,4000.0,1.0
801859393,3,226.0,4000.0,1.0
801859493,3,227.0,4000.0,1.0
801859593,3,226.0,4000.0,1.0
801859693,3,226.0,4000.0,1.0
801859793,3,226.0,4000.0,1.0
801859993,3,226.0,4000.0,1.0
801860093,3,226.0,4000.0,1.0
801860193,3,226.0,4000.0,1.0
801860293,3,227.0,4000.0,1.0
801860393,3,226.0,4000.0,1.0
801860493,3,226.0,4000.0,1.0
801860593,3,226.0,4000.0,1.0
801860693,3,226.0,4000.0,1.0
801860793,3,226.0,4000.0,1.0
801860893,3,226.0,4000.0,1.0
801860993,3,226.0,4000.0,1.0
801861193,3,226.0,4000.0,1.0
801861293,3,226.0,4000.0,1.0
801861393,3,226.0,4000.0,1.0
801861493,3,226.0,4000.0,1.0
801861593,3,226.0,4000.0,1.0
801861693,3,226.0,4000.0,1.0
801861793,3,226.0,4000.0,1.0
801861893,3,227.0,4000.0,1.0
801861993,3,226.0,4000.0,1.0
801862093,3,226.0,4000.0,1.0
801862193,3,226.0,4000.0,1.0
801862393,3,226.0,4000.0,1.0
801862493,3,227.0,4000.0,1.0
801862593,3,226.0,4000.0,1.0
801862693,3,226.0,4000.0,1.0
801862793,3,226.0,4000.0,1.0
801862893,3,227.0,4000.0,1.0
801862993,3,226.0,4000.0,1.0
801863093,3,227.0,4000.0,1.0
801863193,3,227.0,4000.0,1.0
801863293,3,226.0,4000.0,1.0
801863393,3,227.0,4000.0,1.0
801863593,3,228.0,4000.0,1.0
801863693,3,227.0,4000.0,1.0
801863793,3,228.0,4000.0,1.0
801863893,3,228.0,4000.0,1.0
801863993,3,228.0,4000.0,1.0
801864093,3,228.0,4000.0,1.0
801864193,3,228.0,4000.0,1.0
801864293,3,227.0,4000.0,1.0
801864393,3,228.0,4000.0,1.0
801864493,3,228.0,4000.0,1.0
801864593,3,228.0,4000.0,1.0
801864793,3,227.0,4000.0,1.0
801864893,3,227.0,4000.0,1.0
801864993,3,228.0,4000.0,1.0
801865093,3,227.0,4000.0,1.0
801865193,3,227.0,4000.0,1.0
801865293,3,228.0,4000.0,1.0
801865393,3,228.0,4000.0,1.0
801865493,3,227.0,4000.0,1.0
801865593,3,228.0,4000.0,1.0
801865693,3,226.0,4000.0,1.0
801865793,3,227.0,4000.0,1.0
801865993,3,227.0,4000.0,1.0
801866093,3,227.0,4000.0,1.0
801866193,3,228.0,4000.0,1.0
801866293,3,228.0,4000.0,1.0
801866393,3,226.0,4000.0,1.0
801866493,3,226.0,4000.0,1.0
801866593,3,227.0,4000.0,1.0
801866693,3,227.0,4000.0,1.0
801866793,3,227.0,4000.0,1.0
801866893,3,227.0,4000.0,1.0
801866993,3,228.0,4000.0,1.0
801867193,3,226.0,4000.0,1.0
801867293,3,228.0,4000.0,1.0
801867393,3,227.0,4000.0,1.0
801867493,3,227.0,4000.0,1.0
801867593,3,227.0,4000.0,1.0
801867693,3,227.0,4000.0,1.0
801867793,3,228.0,4000.0,1.0
801867893,3,227.0,4000.0,1.0
801867993,3,228.0,4000.0,1.0
801868093,3,227.0,4000.0,1.0
801868193,3,228.0,4000.0,1.0
801868393,3,227.0,4000.0,1.0
801868493,3,227.0,4000.0,1.0
801868593,3,228.0,4000.0,1.0
801868693,3,226.0,4000.0,1.0
801868793,3,228.0,4000.0,1.0
801868893,3,227.0,4000.0,1.0
801868993,3,226.0,4000.0,1.0
801869093,3,227.0,4000.0,1.0
801869193,3,227.0,4000.0,1.0
801869293,3,227.0,4000.0,1.0
801869393,3,227.0,4000.0,1.0
801869593,3,227.0,4000.0,1.0
801869693,3,228.0,4000.0,1.0
801869793,3,228.0,4000.0,1.0
801869893,3,227.0,4000.0,1.0
801869993,3,228.0,4000.0,1.0
801870093,3,226.0,4000.0,1.0
801870193,3,227.0,4000.0,1.0
801870293,3,226.0,4000.0,1.0
801870394,3,227.0,4000.0,1.0
801870493,3,227.0,4000.0,1.0
801870593,3,227.0,4000.0,1.0
801870793,3,226.0,4000.0,1.0
801870893,3,227.0,4000.0,1.0
801870993,3,227.0,4000.0,1.0
801871093,3,227.0,4000.0,1.0
801871193,3,228.0,4000.0,1.0
801871293,3,227.0,4000.0,1.0
801871393,3,227.0,4000.0,1.0
801871493,3,227.0,4000.0,1.0
801871593,3,228.0,4000.0,1.0
801871693,3,227.0,4000.0,1.0
801871793,3,227.0,4000.0,1.0
801871993,3,227.0,4000.0,1.0
801872093,3,227.0,4000.0,1.0
801872193,3,227.0,4000.0,1.0
801872293,3,226.0,4000.0,1.0
801872393,3,227.0,4000.0,1.0
801872493,3,227.0,4000.0,1.0
801872593,3,227.0,4000.0,1.0
801872693,3,226.0,4000.0,1.0
801872793,3,226.0,4000.0,1.0
801872893,3,227.0,4000.0,1.0
801872993,3,226.0,4000.0,1.0
801873193,3,226.0,4000.0,1.0
801873293,3,226.0,4000.0,1.0
801873393,3,226.0,4000.0,1.0
801873493,3,226.0,4000.0,1.0
801873593,3,226.0,4000.0,1.0
801873693,3,226.0,4000.0,1.0
801873793,3,226.0,4000.0,1.0
801873893,3,227.0,4000.0,1.0
801873993,3,226.0,4000.0,1.0
801874093,3,227.0,4000.0,1.0
801874194,3,226.0,4000.0,1.0
801874393,3,226.0,4000.0,1.0
801874494,3,226.0,4000.0,1.0
801874593,3,226.0,4000.0,1.0
801874693,3,226.0,4000.0,1.0
801874794,3,226.0,4000.0,1.0
801874893,3,226.0,4000.0,1.0
801874994,3,226.0,4000.0,1.0
801875093,3,226.0,4000.0,1.0
801875193,3,227.0,4000.0,1.0
801875293,3,227.0,4000.0,1.0
801875393,3,227.0,4000.0,1.0
801875593,3,228.0,4000.0,1.0
801875693,3,227.0,4000.0,1.0
801875793,3,228.0,4000.0,1.0
801875893,3,227.0,4000.0,1.0
801875993,3,228.0,4000.0,1.0
801876093,3,227.0,4000.0,1.0
801876193,3,228.0,4000.0,1.0
801876293,3,227.0,4000.0,1.0
801876393,3,228.0,4000.0,1.0
801876493,3,228.0,4000.0,1.0
801876593,3,227.0,4000.0,1.0
801876793,3,228.0,4000.0,1.0
801876893,3,226.0,4000.0,1.0
801876993,3,227.0,4000.0,1.0
801877093,3,227.0,4000.0,1.0
801877193,3,227.0,4000.0,1.0
801877293,3,227.0,4000.0,1.0
801877393,3,227.0,4000.0,1.0
801877493,3,228.0,4000.0,1.0
801877593,3,227.0,4000.0,1.0
801877693,3,226.0,4000.0,1.0
801877793,3,228.0,4000.0,1.0
801877993,3,227.0,4000.0,1.0
801878093,3,227.0,4000.0,1.0
801878193,3,227.0,4000.0,1.0
801878293,3,227.0,4000.0,1.0
801878393,3,227.0,4000.0,1.0
801878493,3,226.0,4000.0,1.0
801878593,3,227.0,4000.0,1.0
801878693,3,227.0,4000.0,1.0
801878793,3,227.0,4000.0,1.0
801878893,3,227.0,4000.0,1.0
801878993,3,227.0,4000.0,1.0
801879193,3,226.0,4000.0,1.0
801879293,3,227.0,4000.0,1.0
801879393,3,227.0,4000.0,1.0
801879493,3,227.0,4000.0,1.0
801879593,3,228.0,4000.0,1.0
801879693,3,226.0,4000.0,1.0
801879793,3,228.0,4000.0,1.0
801879893,3,227.0,4000.0,1.0
801879993,3,227.0,4000.0,1.0
801880093,3,227.0,4000.0,1.0
801880193,3,227.0,4000.0,1.0
801880393,3,228.0,4000.0,1.0
801880493,3,227.0,4000.0,1.0
801880593,3,227.0,4000.0,1.0
801880693,3,227.0,4000.0,1.0
801880793,3,228.0,4000.0,1.0
801880893,3,227.0,4000.0,1.0
801880993,3,228.0,4000.0,1.0
801881093,3,228.0,4000.0,1.0
801881193,3,227.0,4000.0,1.0
801881293,3,227.0,4000.0,1.0
801881393,3,226.0,4000.0,1.0
801881593,3,228.0,4000.0,1.0
801881693,3,228.0,4000.0,1.0
801881794,3,227.0,4000.0,1.0
801881893,3,228.0,4000.0,1.0
801881993,3,226.0,4000.0,1.0
801882093,3,227.0,4000.0,1.0
801882193,3,228.0,4000.0,1.0
801882293,3,227.0,4000.0,1.0
801882393,3,228.0,4000.0,1.0
801882493,3,226.0,4000.0,1.0
801882593,3,227.0,4000.0,1.0
801882793,3,228.0,4000.0,1.0
801882893,3,227.0,4000.0,1.0
801882993,3,227.0,4000.0,1.0
801883093,3,227.0,4000.0,1.0
801883193,3,228.0,4000.0,1.0
801883293,3,227.0,4000.0,1.0
801883393,3,228.0,4000.0,1.0
801883493,3,228.0,4000.0,1.0
801883593,3,228.0,4000.0,1.0
801883694,3,228.0,4000.0,1.0
801883793,3,228.0,4000.0,1.0
801883993,3,228.0,4000.0,1.0
801884093,3,228.0,4000.0,1.0
801884193,3,227.0,4000.0,1.0
801884293,3,227.0,4000.0,1.0
801884393,3,227.0,4000.0,1.0
801884493,3,227.0,4000.0,1.0
801884593,3,228.0,4000.0,1.0
801884693,3,227.0,4000.0,1.0
801884793,3,227.0,4000.0,1.0
801884893,3,228.0,4000.0,1.0
801884993,3,227.0,4000.0,1.0
801885193,3,227.0,4000.0,1.0
801885293,3,229.0,4000.0,1.0
801885393,3,229.0,4000.0,1.0
801885493,3,228.0,4000.0,1.0
801885593,3,228.0,4000.0,1.0
801885693,3,227.0,4000.0,1.0
801885793,3,228.0,4000.0,1.0
801885893,3,228.0,4000.0,1.0
801885993,3,228.0,4000.0,1.0
801886093,3,228.0,4000.0,1.0
801886193,3,228.0,4000.0,1.0
801886393,3,228.0,4000.0,1.0
801886493,3,228.0,4000.0,1.0
801886593,3,228.0,4000.0,1.0
801886693,3,228.0,4000.0,1.0
801886793,3,228.0,4000.0,1.0
801886893,3,228.0,4000.0,1.0
801886993,3,228.0,4000.0,1.0
801887093,3,227.0,4000.0,1.0
801887193,3,228.0,4000.0,1.0
801887293,3,228.0,4000.0,1.0
801887394,3,228.0,4000.0,1.0
801887593,3,226.0,4000.0,1.0
801887693,3,226.0,4000.0,1.0
801887793,3,227.0,4000.0,1.0
801887893,3,227.0,4000.0,1.0
801887993,3,227.0,4000.0,1.0
801888093,3,227.0,4000.0,1.0
801888193,3,226.0,4000.0,1.0
801888293,3,226.0,4000.0,1.0
801888393,3,227.0,4000.0,1.0
801888493,3,227.0,4000.0,1.0
801888593,3,226.0,4000.0,1.0
801888793,3,226.0,4000.0,1.0
801888893,3,226.0,4000.0,1.0
801888993,3,228.0,4000.0,1.0
801889093,3,227.0,4000.0,1.0
801889193,3,227.0,4000.0,1.0
801889293,3,228.0,4000.0,1.0
801889393,3,228.0,4000.0,1.0
801889493,3,228.0,4000.0,1.0
801889593,3,229.0,4000.0,1.0
801889693,3,228.0,4000.0,1.0
801889793,3,228.0,4000.0,1.0
801889993,3,228.0,4000.0,1.0
801890093,3,227.0,4000.0,1.0
801890193,3,228.0,4000.0,1.0
801890293,3,228.0,4000.0,1.0
801890393,3,228.0,4000.0,1.0
801890493,3,228.0,4000.0,1.0
801890593,3,228.0,4000.0,1.0
801890693,3,227.0,4000.0,1.0
801890793,3,228.0,4000.0,1.0
801890893,3,228.0,4000.0,1.0
801890993,3,228.0,4000.0,1.0
801891193,3,228.0,4000.0,1.0
801891293,3,228.0,4000.0,1.0
801891393,3,228.0,4000.0,1.0
801891493,3,228.0,4000.0,1.0
801891593,3,228.0,4000.0,1.0
801891693,3,227.0,4000.0,1.0
801891793,3,228.0,4000.0,1.0
801891893,3,228.0,4000.0,1.0
801891993,3,228.0,4000.0,1.0
801892093,3,228.0,4000.0,1.0
801892193,3,228.0,4000.0,1.0
801892393,3,228.0,4000.0,1.0
801892493,3,228.0,4000.0,1.0
801892593,3,228.0,4000.0,1.0
801892693,3,228.0,4000.0,1.0
801892793,3,228.0,4000.0,1.0
801892893,3,228.0,4000.0,1.0
801892993,3,228.0,4000.0,1.0
801893093,3,228.0,4000.0,1.0
801893193,3,228.0,4000.0,1.0
801893293,3,228.0,4000.0,1.0
801893393,3,228.0,4000.0,1.0
801893593,3,228.0,4000.0,1.0
801893693,3,228.0,4000.0,1.0
801893793,3,227.0,4000.0,1.0
801893893,3,228.0,4000.0,1.0
801893993,3,228.0,4000.0,1.0
801894093,3,228.0,4000.0,1.0
801894193,3,228.0,4000.0,1.0
801894293,3,228.0,4000.0,1.0
801894393,3,228.0,4000.0,1.0
801894493,3,228.0,4000.0,1.0
801894593,3,228.0,4000.0,1.0
801894793,3,228.0,4000.0,1.0
801894893,3,228.0,4000.0,1.0
801894993,3,228.0,4000.0,1.0
801895093,3,228.0,4000.0,1.0
801895193,3,228.0,4000.0,1.0
801895293,3,227.0,4000.0,1.0
801895393,3,228.0,4000.0,1.0
801895493,3,228.0,4000.0,1.0
801895593,3,228.0,4000.0,1.0
801895693,3,228.0,4000.0,1.0
801895793,3,228.0,4000.0,1.0
801895993,3,228.0,4000.0,1.0
801896093,3,228.0,4000.0,1.0
801896193,3,228.0,4000.0,1.0
801896293,3,228.0,4000.0,1.0
801896393,3,228.0,4000.0,1.0
801896493,3,228.0,4000.0,1.0
801896593,3,228.0,4000.0,1.0
801896693,3,228.0,4000.0,1.0
801896793,3,228.0,4000.0,1.0
801896893,3,227.0,4000.0,1.0
801896993,3,228.0,4000.0,1.0
801897193,3,228.0,4000.0,1.0
801897293,3,228.0,4000.0,1.0
801897393,3,228.0,4000.0,1.0
801897493,3,227.0,4000.0,1.0
801897593,3,228.0,4000.0,1.0
801897693,3,228.0,4000.0,1.0
801897793,3,228.0,4000.0,1.0
801897893,3,228.0,4000.0,1.0
801897993,3,228.0,4000.0,1.0
801898093,3,227.0,4000.0,1.0
801898193,3,228.0,4000.0,1.0
801898393,3,228.0,4000.0,1.0
801898493,3,228.0,4000.0,1.0
801898593,3,228.0,4000.0,1.0
801898693,3,228.0,4000.0,1.0
801898793,3,228.0,4000.0,1.0
801898893,3,228.0,4000.0,1.0
801898993,3,228.0,4000.0,1.0
801899093,3,228.0,4000.0,1.0
801899193,3,228.0,4000.0,1.0
801899293,3,228.0,4000.0,1.0
801899393,3,227.0,4000.0,1.0
801899593,3,228.0,4000.0,1.0
801899693,3,228.0,4000.0,1.0
801899793,3,228.0,4000.0,1.0
801899893,3,228.0,4000.0,1.0
801899993,3,228.0,4000.0,1.0
801900093,3,228.0,4000.0,1.0
801900193,3,228.0,4000.0,1.0
801900293,3,228.0,4000.0,1.0
801900393,3,228.0,4000.0,1.0
801900493,3,228.0,4000.0,1.0
801900593,3,228.0,4000.0,1.0
801900794,3,228.0,4000.0,1.0
801900893,3,228.0,4000.0,1.0
801900993,3,228.0,4000.0,1.0
801901093,3,226.0,4000.0,1.0
801901193,3,227.0,4000.0,1.0
801901294,3,228.0,4000.0,1.0
801901393,3,228.0,4000.0,1.0
801901493,3,228.0,4000.0,1.0
801901593,3,228.0,4000.0,1.0
801901693,3,227.0,4000.0,1.0
801901793,3,228.0,4000.0,1.0
801901993,3,227.0,4000.0,1.0
801902093,3,228.0,4000.0,1.0
801902193,3,228.0,4000.0,1.0
801902293,3,228.0,4000.0,1.0
801902393,3,228.0,4000.0,1.0
801902493,3,227.0,4000.0,1.0
801902593,3,228.0,4000.0,1.0
801902693,3,228.0,4000.0,1.0
801902793,3,229.0,4000.0,1.0
801902893,3,229.0,4000.0,1.0
801902993,3,229.0,4000.0,1.0
801903193,3,228.0,4000.0,1.0
801903293,3,228.0,4000.0,1.0
801903393,3,229.0,4000.0,1.0
801903493,3,228.0,4000.0,1.0
801903593,3,229.0,4000.0,1.0
801903693,3,228.0,4000.0,1.0
801903793,3,228.0,4000.0,1.0
801903893,3,228.0,4000.0,1.0
801903993,3,228.0,4000.0,1.0
801904093,3,228.0,4000.0,1.0
801904193,3,228.0,4000.0,1.0
801904393,3,228.0,4000.0,1.0
801904493,3,229.0,4000.0,1.0
801904593,3,228.0,4000.0,1.0
801904693,3,228.0,4000.0,1.0
801904793,3,228.0,4000.0,1.0
801904893,3,229.0,4000.0,1.0
801904993,3,228.0,4000.0,1.0
801905093,3,228.0,4000.0,1.0
801905193,3,228.0,4000.0,1.0
801905293,3,229.0,4000.0,1.0
801905393,3,229.0,4000.0,1.0
801905593,3,228.0,4000.0,1.0
801905693,3,228.0,4000.0,1.0
801905793,3,228.0,4000.0,1.0
801905893,3,229.0,4000.0,1.0
801905993,3,228.0,4000.0,1.0
801906093,3,228.0,4000.0,1.0
801906193,3,229.0,4000.0,1.0
801906293,3,229.0,4000.0,1.0
801906393,3,228.0,4000.0,1.0
801906494,3,227.0,4000.0,1.0
801906593,3,229.0,4000.0,1.0
801906793,3,228.0,4000.0,1.0
801906893,3,228.0,4000.0,1.0
801906993,3,227.0,4000.0,1.0
801907093,3,227.0,4000.0,1.0
801907193,3,228.0,4000.0,1.0
801907294,3,228.0,4000.0,1.0
801907393,3,229.0,4000.0,1.0
801907493,3,227.0,4000.0,1.0
801907593,3,229.0,4000.0,1.0
801907693,3,229.0,4000.0,1.0
801907793,3,229.0,4000.0,1.0
801907993,3,229.0,4000.0,1.0
801908093,3,228.0,4000.0,1.0
801908193,3,228.0,4000.0,1.0
801908293,3,229.0,4000.0,1.0
801908393,3,229.0,4000.0,1.0
801908493,3,228.0,4000.0,1.0
801908593,3,228.0,4000.0,1.0
801908693,3,228.0,4000.0,1.0
801908793,3,228.0,4000.0,1.0
801908893,3,228.0,4000.0,1.0
801908993,3,228.0,4000.0,1.0
801909193,3,228.0,4000.0,1.0
801909293,3,228.0,4000.0,1.0
801909393,3,228.0,4000.0,1.0
801909493,3,228.0,4000.0,1.0
801909593,3,228.0,4000.0,1.0
801909693,3,229.0,4000.0,1.0
801909793,3,228.0,4000.0,1.0
801909893,3,229.0,4000.0,1.0
801909993,3,228.0,4000.0,1.0
801910093,3,228.0,4000.0,1.0
801910193,3,229.0,4000.0,1.0
801910393,3,228.0,4000.0,1.0
801910493,3,228.0,4000.0,1.0
801910593,3,228.0,4000.0,1.0
801910693,3,228.0,4000.0,1.0
801910793,3,228.0,4000.0,1.0
801910893,3,229.0,4000.0,1.0
801910993,3,229.0,4000.0,1.0
801911093,3,229.0,4000.0,1.0
801911193,3,229.0,4000.0,1.0
801911293,3,228.0,4000.0,1.0
801911393,3,228.0,4000.0,1.0
801911593,3,228.0,4000.0,1.0
801911693,3,228.0,4000.0,1.0
801911793,3,229.0,4000.0,1.0
801911893,3,227.0,4000.0,1.0
801911993,3,228.0,4000.0,1.0
801912093,3,228.0,4000.0,1.0
801912194,3,228.0,4000.0,1.0
801912293,3,228.0,4000.0,1.0
801912393,3,228.0,4000.0,1.0
801912493,3,228.0,4000.0,1.0
801912593,3,228.0,4000.0,1.0
801912793,3,228.0,4000.0,1.0
801912893,3,229.0,4000.0,1.0
801912993,3,229.0,4000.0,1.0
801913093,3,228.0,4000.0,1.0
801913193,3,229.0,4000.0,1.0
801913293,3,229.0,4000.0,1.0
801913393,3,229.0,4000.0,1.0
801913493,3,229.0,4000.0,1.0
801913593,3,229.0,4000.0,1.0
801913693,3,229.0,4000.0,1.0
801913793,3,228.0,4000.0,1.0
801913993,3,229.0,4000.0,1.0
801914093,3,229.0,4000.0,1.0
801914193,3,229.0,4000.0,1.0
801914293,3,229.0,4000.0,1.0
801914393,3,228.0,4000.0,1.0
801914493,3,228.0,4000.0,1.0
801914593,3,229.0,4000.0,1.0
801914693,3,229.0,4000.0,1.0
801914793,3,228.0,4000.0,1.0
801914893,3,229.0,4000.0,1.0
801914993,3,228.0,4000.0,1.0
801915194,3,229.0,4000.0,1.0
801915293,3,229.0,4000.0,1.0
801915393,3,229.0,4000.0,1.0
801915493,3,228.0,4000.0,1.0
801915593,3,229.0,4000.0,1.0
801915693,3,229.0,4000.0,1.0
801915793,3,229.0,4000.0,1.0
801915893,3,228.0,4000.0,1.0
801915993,3,229.0,4000.0,1.0
801916093,3,228.0,4000.0,1.0
801916193,3,229.0,4000.0,1.0
801916393,3,229.0,4000.0,1.0
801916493,3,229.0,4000.0,1.0
801916593,3,228.0,4000.0,1.0
801916693,3,229.0,4000.0,1.0
801916793,3,228.0,4000.0,1.0
801916893,3,229.0,4000.0,1.0
801916993,3,228.0,4000.0,1.0
801917093,3,228.0,4000.0,1.0
801917193,3,228.0,4000.0,1.0
801917293,3,229.0,4000.0,1.0
801917393,3,229.0,4000.0,1.0
801917593,3,227.0,4000.0,1.0
801917693,3,227.0,4000.0,1.0
801917793,3,227.0,4000.0,1.0
801917894,3,229.0,4000.0,1.0
801917993,3,228.0,4000.0,1.0
801918093,3,228.0,4000.0,1.0
801918193,3,228.0,4000.0,1.0
801918293,3,228.0,4000.0,1.0
801918393,3,228.0,4000.0,1.0
801918493,3,228.0,4000.0,1.0
801918593,3,228.0,4000.0,1.0
801918793,3,228.0,4000.0,1.0
801918893,3,230.0,4000.0,1.0
801918993,3,228.0,4000.0,1.0
801919093,3,229.0,4000.0,1.0
801919193,3,228.0,4000.0,1.0
801919293,3,228.0,4000.0,1.0
801919393,3,228.0,4000.0,1.0
801919493,3,227.0,4000.0,1.0
801919593,3,229.0,4000.0,1.0
801919693,3,227.0,4000.0,1.0
801919793,3,229.0,4000.0,1.0
801919993,3,229.0,4000.0,1.0
801920093,3,228.0,4000.0,1.0
801920193,3,228.0,4000.0,1.0
801920293,3,228.0,4000.0,1.0
801920393,3,228.0,4000.0,1.0
801920493,3,229.0,4000.0,1.0
801920593,3,228.0,4000.0,1.0
801920693,3,228.0,4000.0,1.0
801920793,3,228.0,4000.0,1.0
801920893,3,229.0,4000.0,1.0
801920993,3,228.0,4000.0,1.0
801921193,3,229.0,4000.0,1.0
801921293,3,228.0,4000.0,1.0
801921393,3,227.0,4000.0,1.0
801921493,3,228.0,4000.0,1.0
801921593,3,227.0,4000.0,1.0
801921693,3,229.0,4000.0,1.0
801921793,3,228.0,4000.0,1.0
801921893,3,228.0,4000.0,1.0
801921993,3,227.0,4000.0,1.0
801922093,3,229.0,4000.0,1.0
801922193,3,229.0,4000.0,1.0
801922393,3,228.0,4000.0,1.0
801922493,3,228.0,4000.0,1.0
801922593,3,228.0,4000.0,1.0
801922693,3,228.0,4000.0,1.0
801922793,3,227.0,4000.0,1.0
801922893,3,228.0,4000.0,1.0
801922993,3,228.0,4000.0,1.0
801923093,3,229.0,4000.0,1.0
801923193,3,228.0,4000.0,1.0
801923293,3,228.0,4000.0,1.0
801923393,3,228.0,4000.0,1.0
801923594,3,229.0,4000.0,1.0
801923693,3,228.0,4000.0,1.0
801923793,3,229.0,4000.0,1.0
801923893,3,228.0,4000.0,1.0
801923993,3,229.0,4000.0,1.0
801924093,3,229.0,4000.0,1.0
801924193,3,228.0,4000.0,1.0
801924293,3,228.0,4000.0,1.0
801924393,3,229.0,4000.0,1.0
801924493,3,228.0,4000.0,1.0
801924593,3,228.0,4000.0,1.0
801924793,3,228.0,4000.0,1.0
801924893,3,228.0,4000.0,1.0
801924993,3,228.0,4000.0,1.0
801925093,3,228.0,4000.0,1.0
801925193,3,228.0,4000.0,1.0
801925293,3,228.0,4000.0,1.0
801925393,3,228.0,4000.0,1.0
801925494,3,228.0,4000.0,1.0
801925593,3,228.0,4000.0,1.0
801925693,3,228.0,4000.0,1.0
801925793,3,229.0,4000.0,1.0
801925993,3,228.0,4000.0,1.0
801926093,3,228.0,4000.0,1.0
801926193,3,228.0,4000.0,1.0
801926293,3,229.0,4000.0,1.0
801926393,3,228.0,4000.0,1.0
801926493,3,228.0,4000.0,1.0
801926593,3,228.0,4000.0,1.0
801926693,3,228.0,4000.0,1.0
801926793,3,228.0,4000.0,1.0
801926893,3,229.0,4000.0,1.0
801926993,3,228.0,4000.0,1.0
801927193,3,228.0,4000.0,1.0
801927293,3,228.0,4000.0,1.0
801927393,3,228.0,4000.0,1.0
801927493,3,228.0,4000.0,1.0
801927593,3,228.0,4000.0,1.0
801927693,3,228.0,4000.0,1.0
801927793,3,228.0,4000.0,1.0
801927893,3,228.0,4000.0,1.0
801927993,3,228.0,4000.0,1.0
801928093,3,228.0,4000.0,1.0
801928193,3,227.0,4000.0,1.0
801928393,3,228.0,4000.0,1.0
801928494,3,228.0,4000.0,1.0
801928593,3,228.0,4000.0,1.0
801928693,3,228.0,4000.0,1.0
801928793,3,228.0,4000.0,1.0
801928893,3,229.0,4000.0,1.0
801928993,3,228.0,4000.0,1.0
801929093,3,229.0,4000.0,1.0
801929193,3,228.0,4000.0,1.0
801929293,3,228.0,4000.0,1.0
801929393,3,228.0,4000.0,1.0
801929593,3,228.0,4000.0,1.0
801929693,3,229.0,4000.0,1.0
801929793,3,228.0,4000.0,1.0
801929893,3,228.0,4000.0,1.0
801929993,3,228.0,4000.0,1.0
801930093,3,228.0,4000.0,1.0
801930193,3,228.0,4000.0,1.0
801930293,3,228.0,4000.0,1.0
801930393,3,228.0,4000.0,1.0
801930493,3,228.0,4000.0,1.0
801930593,3,228.0,4000.0,1.0
801930793,3,228.0,4000.0,1.0
801930893,3,228.0,4000.0,1.0
801930993,3,228.0,4000.0,1.0
801931093,3,229.0,4000.0,1.0
801931193,3,228.0,4000.0,1.0
801931293,3,228.0,4000.0,1.0
801931393,3,228.0,4000.0,1.0
801931493,3,228.0,4000.0,1.0
801931593,3,228.0,4000.0,1.0
801931693,3,229.0,4000.0,1.0
801931793,3,228.0,4000.0,1.0
801931993,3,228.0,4000.0,1.0
801932093,3,229.0,4000.0,1.0
801932193,3,228.0,4000.0,1.0
801932293,3,228.0,4000.0,1.0
801932393,3,228.0,4000.0,1.0
801932493,3,229.0,4000.0,1.0
801932593,3,228.0,4000.0,1.0
801932693,3,228.0,4000.0,1.0
801932793,3,228.0,4000.0,1.0
801932893,3,229.0,4000.0,1.0
801932993,3,227.0,4000.0,1.0
801933193,3,228.0,4000.0,1.0
801933293,3,228.0,4000.0,1.0
801933393,3,228.0,4000.0,1.0
801933493,3,228.0,4000.0,1.0
801933593,3,228.0,4000.0,1.0
801933693,3,227.0,4000.0,1.0
801933793,3,228.0,4000.0,1.0
801933893,3,228.0,4000.0,1.0
801933993,3,228.0,4000.0,1.0
801934093,3,228.0,4000.0,1.0
801934193,3,229.0,4000.0,1.0
801934393,3,228.0,4000.0,1.0
801934493,3,229.0,4000.0,1.0
801934593,3,228.0,4000.0,1.0
801934693,3,228.0,4000.0,1.0
801934793,3,228.0,4000.0,1.0
801934893,3,229.0,4000.0,1.0
801934993,3,227.0,4000.0,1.0
801935093,3,229.0,4000.0,1.0
801935193,3,228.0,4000.0,1.0
801935293,3,228.0,4000.0,1.0
801935393,3,228.0,4000.0,1.0
801935593,3,228.0,4000.0,1.0
801935693,3,228.0,4000.0,1.0
801935793,3,228.0,4000.0,1.0
801935893,3,228.0,4000.0,1.0
801935993,3,228.0,4000.0,1.0
801936093,3,229.0,4000.0,1.0
801936193,3,227.0,4000.0,1.0
801936293,3,228.0,4000.0,1.0
801936393,3,228.0,4000.0,1.0
801936493,3,228.0,4000.0,1.0
801936593,3,229.0,4000.0,1.0
801936793,3,228.0,4000.0,1.0
801936893,3,228.0,4000.0,1.0
801936993,3,228.0,4000.0,1.0
801937093,3,228.0,4000.0,1.0
801937193,3,229.0,4000.0,1.0
801937293,3,227.0,4000.0,1.0
801937393,3,228.0,4000.0,1.0
801937493,3,228.0,4000.0,1.0
801937593,3,228.0,4000.0,1.0
801937693,3,228.0,4000.0,1.0
801937793,3,228.0,4000.0,1.0
801937993,3,228.0,4000.0,1.0
801938093,3,228.0,4000.0,1.0
801938193,3,228.0,4000.0,1.0
801938293,3,229.0,4000.0,1.0
801938393,3,228.0,4000.0,1.0
801938493,3,227.0,4000.0,1.0
801938593,3,228.0,4000.0,1.0
801938693,3,228.0,4000.0,1.0
801938794,3,229.0,4000.0,1.0
801938893,3,229.0,4000.0,1.0
801938993,3,228.0,4000.0,1.0
801939193,3,229.0,4000.0,1.0
801939293,3,227.0,4000.0,1.0
801939393,3,228.0,4000.0,1.0
801939493,3,228.0,4000.0,1.0
801939593,3,228.0,4000.0,1.0
801939693,3,229.0,4000.0,1.0
801939793,3,228.0,4000.0,1.0
801939893,3,228.0,4000.0,1.0
801939993,3,228.0,4000.0,1.0
801940093,3,229.0,4000.0,1.0
801940193,3,229.0,4000.0,1.0
801940393,3,228.0,4000.0,1.0
801940493,3,230.0,4000.0,1.0
801940593,3,228.0,4000.0,1.0
801940693,3,228.0,4000.0,1.0
801940793,3,229.0,4000.0,1.0
801940893,3,228.0,4000.0,1.0
801940993,3,228.0,4000.0,1.0
801941093,3,229.0,4000.0,1.0
801941194,3,228.0,4000.0,1.0
801941293,3,228.0,4000.0,1.0
801941393,3,228.0,4000.0,1.0
801941593,3,228.0,4000.0,1.0
801941693,3,228.0,4000.0,1.0
801941793,3,228.0,4000.0,1.0
801941893,3,229.0,4000.0,1.0
801941993,3,228.0,4000.0,1.0
801942093,3,228.0,4000.0,1.0
801942193,3,228.0,4000.0,1.0
801942293,3,229.0,4000.0,1.0
801942393,3,228.0,4000.0,1.0
801942493,3,228.0,4000.0,1.0
801942594,3,228.0,4000.0,1.0
801942793,3,228.0,4000.0,1.0
801942893,3,228.0,4000.0,1.0
801942993,3,228.0,4000.0,1.0
801943093,3,229.0,4000.0,1.0
801943193,3,228.0,4000.0,1.0
801943293,3,228.0,4000.0,1.0
801943393,3,228.0,4000.0,1.0
801943493,3,229.0,4000.0,1.0
801943593,3,229.0,4000.0,1.0
801943693,3,228.0,4000.0,1.0
801943793,3,229.0,4000.0,1.0
801943993,3,228.0,4000.0,1.0
801944093,3,229.0,4000.0,1.0
801944193,3,228.0,4000.0,1.0
801944293,3,228.0,4000.0,1.0
801944393,3,228.0,4000.0,1.0
801944494,3,228.0,4000.0,1.0
801944593,3,228.0,4000.0,1.0
801944693,3,229.0,4000.0,1.0
801944793,3,228.0,4000.0,1.0
801944893,3,228.0,4000.0,1.0
801944993,3,228.0,4000.0,1.0
801945193,3,228.0,4000.0,1.0
801945293,3,229.0,4000.0,1.0
801945393,3,228.0,4000.0,1.0
801945493,3,228.0,4000.0,1.0
801945593,3,228.0,4000.0,1.0
801945693,3,228.0,4000.0,1.0
801945793,3,228.0,4000.0,1.0
801945893,3,229.0,4000.0,1.0
801945993,3,228.0,4000.0,1.0
801946093,3,228.0,4000.0,1.0
801946193,3,228.0,4000.0,1.0
801946393,3,228.0,4000.0,1.0
801946493,3,228.0,4000.0,1.0
801946593,3,228.0,4000.0,1.0
801946693,3,229.0,4000.0,1.0
801946793,3,228.0,4000.0,1.0
801946893,3,228.0,4000.0,1.0
801946993,3,228.0,4000.0,1.0
801947093,3,228.0,4000.0,1.0
801947193,3,229.0,4000.0,1.0
801947293,3,228.0,4000.0,1.0
801947393,3,228.0,4000.0,1.0
801947593,3,228.0,4000.0,1.0
801947693,3,228.0,4000.0,1.0
801947793,3,229.0,4000.0,1.0
801947893,3,228.0,4000.0,1.0
801947993,3,228.0,4000.0,1.0
801948093,3,229.0,4000.0,1.0
801948193,3,228.0,4000.0,1.0
801948293,3,228.0,4000.0,1.0
801948393,3,228.0,4000.0,1.0
801948493,3,228.0,4000.0,1.0
801948593,3,228.0,4000.0,1.0
801948793,3,228.0,4000.0,1.0
801948893,3,229.0,4000.0,1.0
801948993,3,228.0,4000.0,1.0
801949093,3,228.0,4000.0,1.0
801949193,3,228.0,4000.0,1.0
801949293,3,227.0,4000.0,1.0
801949393,3,228.0,4000.0,1.0
801949493,3,228.0,4000.0,1.0
801949593,3,228.0,4000.0,1.0
801949693,3,228.0,4000.0,1.0
801949793,3,228.0,4000.0,1.0
801949993,3,229.0,4000.0,1.0
801950093,3,228.0,4000.0,1.0
801950194,3,228.0,4000.0,1.0
801950293,3,227.0,4000.0,1.0
801950393,3,228.0,4000.0,1.0
801950493,3,229.0,4000.0,1.0
801950593,3,228.0,4000.0,1.0
801950693,3,229.0,4000.0,1.0
801950793,3,228.0,4000.0,1.0
801950893,3,227.0,4000.0,1.0
801950993,3,227.0,4000.0,1.0
801951193,3,229.0,4000.0,1.0
801951293,3,228.0,4000.0,1.0
801951393,3,228.0,4000.0,1.0
801951493,3,227.0,4000.0,1.0
801951593,3,228.0,4000.0,1.0
801951693,3,229.0,4000.0,1.0
801951793,3,228.0,4000.0,1.0
801951893,3,227.0,4000.0,1.0
801951993,3,227.0,4000.0,1.0
801952093,3,228.0,4000.0,1.0
801952193,3,229.0,4000.0,1.0
801952393,3,229.0,4000.0,1.0
801952493,3,228.0,4000.0,1.0
801952593,3,228.0,4000.0,1.0
801952693,3,228.0,4000.0,1.0
801952793,3,228.0,4000.0,1.0
801952893,3,228.0,4000.0,1.0
801952993,3,228.0,4000.0,1.0
801953093,3,228.0,4000.0,1.0
801953193,3,228.0,4000.0,1.0
801953293,3,228.0,4000.0,1.0
801953393,3,228.0,4000.0,1.0
801953593,3,228.0,4000.0,1.0
801953693,3,227.0,4000.0,1.0
801953793,3,228.0,4000.0,1.0
801953893,3,228.0,4000.0,1.0
801953993,3,227.0,4000.0,1.0
801954093,3,228.0,4000.0,1.0
801954193,3,228.0,4000.0,1.0
801954293,3,228.0,4000.0,1.0
801954393,3,228.0,4000.0,1.0
801954493,3,228.0,4000.0,1.0
801954593,3,228.0,4000.0,1.0
801954793,3,228.0,4000.0,1.0
801954893,3,229.0,4000.0,1.0
801954993,3,228.0,4000.0,1.0
801955093,3,229.0,4000.0,1.0
801955193,3,228.0,4000.0,1.0
801955293,3,228.0,4000.0,1.0
801955393,3,228.0,4000.0,1.0
801955493,3,228.0,4000.0,1.0
801955593,3,228.0,4000.0,1.0
801955693,3,228.0,4000.0,1.0
801955793,3,228.0,4000.0,1.0
801955993,3,228.0,4000.0,1.0
801956093,3,228.0,4000.0,1.0
801956193,3,228.0,4000.0,1.0
801956293,3,228.0,4000.0,1.0
801956393,3,228.0,4000.0,1.0
801956493,3,228.0,4000.0,1.0
801956593,3,228.0,4000.0,1.0
801956693,3,229.0,4000.0,1.0
801956793,3,228.0,4000.0,1.0
801956893,3,228.0,4000.0,1.0
801956993,3,228.0,4000.0,1.0
801957193,3,228.0,4000.0,1.0
801957293,3,228.0,4000.0,1.0
801957393,3,227.0,4000.0,1.0
801957493,3,227.0,4000.0,1.0
801957593,3,229.0,4000.0,1.0
801957693,3,229.0,4000.0,1.0
801957794,3,228.0,4000.0,1.0
801957893,3,228.0,4000.0,1.0
801957993,3,228.0,4000.0,1.0
801958093,3,228.0,4000.0,1.0
801958193,3,229.0,4000.0,1.0
801958393,3,228.0,4000.0,1.0
801958493,3,227.0,4000.0,1.0
801958593,3,228.0,4000.0,1.0
801958693,3,228.0,4000.0,1.0
801958793,3,228.0,4000.0,1.0
801958893,3,228.0,4000.0,1.0
801958993,3,228.0,4000.0,1.0
801959093,3,228.0,4000.0,1.0
801959193,3,228.0,4000.0,1.0
801959293,3,228.0,4000.0,1.0
801959393,3,228.0,4000.0,1.0
801959593,3,228.0,4000.0,1.0
801959693,3,228.0,4000.0,1.0
801959793,3,228.0,4000.0,1.0
801959893,3,227.0,4000.0,1.0
801959993,3,228.0,4000.0,1.0
801960093,3,228.0,4000.0,1.0
801960193,3,228.0,4000.0,1.0
801960293,3,229.0,4000.0,1.0
801960393,3,228.0,4000.0,1.0
801960493,3,228.0,4000.0,1.0
801960593,3,228.0,4000.0,1.0
801960793,3,229.0,4000.0,1.0
801960893,3,228.0,4000.0,1.0
801960993,3,228.0,4000.0,1.0
801961093,3,228.0,4000.0,1.0
801961193,3,228.0,4000.0,1.0
801961294,3,229.0,4000.0,1.0
801961393,3,228.0,4000.0,1.0
801961493,3,228.0,4000.0,1.0
801961593,3,228.0,4000.0,1.0
801961693,3,228.0,4000.0,1.0
801961793,3,228.0,4000.0,1.0
801961993,3,228.0,4000.0,1.0
801962093,3,229.0,4000.0,1.0
801962193,3,228.0,4000.0,1.0
801962293,3,228.0,4000.0,1.0
801962393,3,228.0,4000.0,1.0
801962493,3,229.0,4000.0,1.0
801962593,3,229.0,4000.0,1.0
801962693,3,228.0,4000.0,1.0
801962793,3,229.0,4000.0,1.0
801962893,3,228.0,4000.0,1.0
801962993,3,229.0,4000.0,1.0
801963193,3,229.0,4000.0,1.0
801963293,3,230.0,4000.0,1.0
801963393,3,229.0,4000.0,1.0
801963494,3,228.0,4000.0,1.0
801963593,3,229.0,4000.0,1.0
801963693,3,229.0,4000.0,1.0
801963793,3,229.0,4000.0,1.0
801963893,3,229.0,4000.0,1.0
801963993,3,228.0,4000.0,1.0
801964093,3,229.0,4000.0,1.0
801964193,3,228.0,4000.0,1.0
801964393,3,228.0,4000.0,1.0
801964493,3,228.0,4000.0,1.0
801964593,3,228.0,4000.0,1.0
801964693,3,228.0,4000.0,1.0
801964793,3,228.0,4000.0,1.0
801964893,3,228.0,4000.0,1.0
801964993,3,228.0,4000.0,1.0
801965093,3,230.0,4000.0,1.0
801965193,3,228.0,4000.0,1.0
801965293,3,228.0,4000.0,1.0
801965394,3,228.0,4000.0,1.0
801965593,3,228.0,4000.0,1.0
801965693,3,228.0,4000.0,1.0
801965793,3,228.0,4000.0,1.0
801965893,3,228.0,4000.0,1.0
801965993,3,228.0,4000.0,1.0
801966093,3,229.0,4000.0,1.0
801966193,3,229.0,4000.0,1.0
801966293,3,230.0,4000.0,1.0
801966393,3,228.0,4000.0,1.0
801966493,3,228.0,4000.0,1.0
801966593,3,228.0,4000.0,1.0
801966793,3,228.0,4000.0,1.0
801966893,3,229.0,4000.0,1.0
801966993,3,228.0,4000.0,1.0
801967093,3,228.0,4000.0,1.0
801967193,3,228.0,4000.0,1.0
801967293,3,228.0,4000.0,1.0
801967393,3,228.0,4000.0,1.0
801967493,3,229.0,4000.0,1.0
801967593,3,228.0,4000.0,1.0
801967693,3,228.0,4000.0,1.0
801967793,3,228.0,4000.0,1.0
801967993,3,229.0,4000.0,1.0
801968093,3,228.0,4000.0,1.0
801968193,3,228.0,4000.0,1.0
801968293,3,229.0,4000.0,1.0
801968393,3,228.0,4000.0,1.0
801968493,3,228.0,4000.0,1.0
801968593,3,228.0,4000.0,1.0
801968693,3,228.0,4000.0,1.0
801968793,3,229.0,4000.0,1.0
801968893,3,230.0,4000.0,1.0
801968994,3,228.0,4000.0,1.0
801969193,3,228.0,4000.0,1.0
801969293,3,228.0,4000.0,1.0
801969393,3,228.0,4000.0,1.0
801969493,3,229.0,4000.0,1.0
801969593,3,228.0,4000.0,1.0
801969693,3,228.0,4000.0,1.0
801969793,3,229.0,4000.0,1.0
801969893,3,229.0,4000.0,1.0
801969993,3,229.0,4000.0,1.0
801970093,3,228.0,4000.0,1.0
801970193,3,229.0,4000.0,1.0
801970393,3,228.0,4000.0,1.0
801970493,3,229.0,4000.0,1.0
801970593,3,228.0,4000.0,1.0
801970693,3,228.0,4000.0,1.0
801970793,3,229.0,4000.0,1.0
801970893,3,228.0,4000.0,1.0
801970993,3,228.0,4000.0,1.0
801971093,3,229.0,4000.0,1.0
801971193,3,228.0,4000.0,1.0
801971293,3,228.0,4000.0,1.0
801971393,3,229.0,4000.0,1.0
801971593,3,229.0,4000.0,1.0
801971693,3,228.0,4000.0,1.0
801971793,3,228.0,4000.0,1.0
801971893,3,228.0,4000.0,1.0
801971993,3,228.0,4000.0,1.0
801972093,3,228.0,4000.0,1.0
801972193,3,228.0,4000.0,1.0
801972293,3,228.0,4000.0,1.0
801972393,3,228.0,4000.0,1.0
801972493,3,228.0,4000.0,1.0
801972593,3,228.0,4000.0,1.0
801972793,3,229.0,4000.0,1.0
801972893,3,229.0,4000.0,1.0
801972994,3,228.0,4000.0,1.0
801973093,3,228.0,4000.0,1.0
801973193,3,228.0,4000.0,1.0
801973293,3,228.0,4000.0,1.0
801973393,3,228.0,4000.0,1.0
801973493,3,228.0,4000.0,1.0
801973593,3,228.0,4000.0,1.0
801973693,3,228.0,4000.0,1.0
801973793,3,228.0,4000.0,1.0
801973993,3,228.0,4000.0,1.0
801974093,3,228.0,4000.0,1.0
801974193,3,228.0,4000.0,1.0
801974293,3,228.0,4000.0,1.0
801974393,3,228.0,4000.0,1.0
801974493,3,228.0,4000.0,1.0
801974593,3,228.0,4000.0,1.0
801974693,3,228.0,4000.0,1.0
801974793,3,228.0,4000.0,1.0
801974893,3,228.0,4000.0,1.0
801974993,3,228.0,4000.0,1.0
801975193,3,228.0,4000.0,1.0
801975293,3,228.0,4000.0,1.0
801975393,3,228.0,4000.0,1.0
801975493,3,228.0,4000.0,1.0
801975593,3,230.0,4000.0,1.0
801975693,3,228.0,4000.0,1.0
801975793,3,229.0,4000.0,1.0
801975893,3,228.0,4000.0,1.0
801975993,3,229.0,4000.0,1.0
801976093,3,229.0,4000.0,1.0
801976193,3,228.0,4000.0,1.0
801976393,3,228.0,4000.0,1.0
801976493,3,229.0,4000.0,1.0
801976593,3,228.0,4000.0,1.0
801976693,3,228.0,4000.0,1.0
801976794,3,228.0,4000.0,1.0
801976893,3,228.0,4000.0,1.0
801976993,3,228.0,4000.0,1.0
801977093,3,229.0,4000.0,1.0
801977193,3,228.0,4000.0,1.0
801977293,3,228.0,4000.0,1.0
801977393,3,228.0,4000.0,1.0
801977593,3,228.0,4000.0,1.0
801977693,3,228.0,4000.0,1.0
801977793,3,229.0,4000.0,1.0
801977893,3,228.0,4000.0,1.0
801977993,3,228.0,4000.0,1.0
801978093,3,229.0,4000.0,1.0
801978193,3,228.0,4000.0,1.0
801978293,3,228.0,4000.0,1.0
801978393,3,228.0,4000.0,1.0
801978493,3,228.0,4000.0,1.0
801978593,3,228.0,4000.0,1.0
801978793,3,228.0,4000.0,1.0
801978893,3,229.0,4000.0,1.0
801978993,3,228.0,4000.0,1.0
801979093,3,228.0,4000.0,1.0
801979193,3,229.0,4000.0,1.0
801979293,3,228.0,4000.0,1.0
801979393,3,228.0,4000.0,1.0
801979493,3,228.0,4000.0,1.0
801979593,3,228.0,4000.0,1.0
801979693,3,229.0,4000.0,1.0
801979793,3,229.0,4000.0,1.0
801979993,3,228.0,4000.0,1.0
801980093,3,228.0,4000.0,1.0
801980193,3,228.0,4000.0,1.0
801980293,3,230.0,4000.0,1.0
801980393,3,228.0,4000.0,1.0
801980493,3,228.0,4000.0,1.0
801980593,3,228.0,4000.0,1.0
801980693,3,228.0,4000.0,1.0
801980793,3,228.0,4000.0,1.0
801980893,3,229.0,4000.0,1.0
801980993,3,228.0,4000.0,1.0
801981193,3,228.0,4000.0,1.0
801981293,3,229.0,4000.0,1.0
801981393,3,228.0,4000.0,1.0
801981493,3,228.0,4000.0,1.0
801981593,3,228.0,4000.0,1.0
801981693,3,228.0,4000.0,1.0
801981793,3,229.0,4000.0,1.0
801981893,3,228.0,4000.0,1.0
801981993,3,228.0,4000.0,1.0
801982093,3,229.0,4000.0,1.0
801982193,3,228.0,4000.0,1.0
801982393,3,228.0,4000.0,1.0
801982493,3,228.0,4000.0,1.0
801982593,3,229.0,4000.0,1.0
801982693,3,228.0,4000.0,1.0
801982793,3,229.0,4000.0,1.0
801982893,3,228.0,4000.0,1.0
801982993,3,228.0,4000.0,1.0
801983093,3,228.0,4000.0,1.0
801983193,3,228.0,4000.0,1.0
801983293,3,228.0,4000.0,1.0
801983393,3,228.0,4000.0,1.0
801983594,3,228.0,4000.0,1.0
801983693,3,228.0,4000.0,1.0
801983793,3,228.0,4000.0,1.0
801983893,3,228.0,4000.0,1.0
801983993,3,228.0,4000.0,1.0
801984093,3,228.0,4000.0,1.0
801984193,3,229.0,4000.0,1.0
801984293,3,228.0,4000.0,1.0
801984393,3,228.0,4000.0,1.0
801984493,3,228.0,4000.0,1.0
801984593,3,229.0,4000.0,1.0
801984793,3,230.0,4000.0,1.0
801984893,3,228.0,4000.0,1.0
801984993,3,228.0,4000.0,1.0
801985093,3,229.0,4000.0,1.0
801985193,3,230.0,4000.0,1.0
801985293,3,229.0,4000.0,1.0
801985393,3,229.0,4000.0,1.0
801985493,3,228.0,4000.0,1.0
801985593,3,228.0,4000.0,1.0
801985693,3,228.0,4000.0,1.0
801985793,3,229.0,4000.0,1.0
801985993,3,228.0,4000.0,1.0
801986093,3,228.0,4000.0,1.0
801986193,3,228.0,4000.0,1.0
801986294,3,228.0,4000.0,1.0
801986393,3,228.0,4000.0,1.0
801986493,3,229.0,4000.0,1.0
801986593,3,228.0,4000.0,1.0
801986693,3,228.0,4000.0,1.0
801986793,3,228.0,4000.0,1.0
801986893,3,228.0,4000.0,1.0
801986993,3,228.0,4000.0,1.0
801987193,3,228.0,4000.0,1.0
801987293,3,228.0,4000.0,1.0
801987393,3,228.0,4000.0,1.0
801987493,3,228.0,4000.0,1.0
801987593,3,228.0,4000.0,1.0
801987693,3,228.0,4000.0,1.0
801987793,3,228.0,4000.0,1.0
801987893,3,228.0,4000.0,1.0
801987993,3,228.0,4000.0,1.0
801988093,3,228.0,4000.0,1.0
801988193,3,228.0,4000.0,1.0
801988393,3,228.0,4000.0,1.0
801988493,3,228.0,4000.0,1.0
801988593,3,228.0,4000.0,1.0
801988693,3,229.0,4000.0,1.0
801988793,3,228.0,4000.0,1.0
801988893,3,228.0,4000.0,1.0
801988993,3,229.0,4000.0,1.0
801989093,3,228.0,4000.0,1.0
801989193,3,228.0,4000.0,1.0
801989293,3,229.0,4000.0,1.0
801989393,3,228.0,4000.0,1.0
801989593,3,228.0,4000.0,1.0
801989693,3,228.0,4000.0,1.0
801989793,3,228.0,4000.0,1.0
801989893,3,228.0,4000.0,1.0
801989993,3,228.0,4000.0,1.0
801990093,3,228.0,4000.0,1.0
801990193,3,228.0,4000.0,1.0
801990293,3,229.0,4000.0,1.0
801990393,3,228.0,4000.0,1.0
801990493,3,228.0,4000.0,1.0
801990593,3,228.0,4000.0,1.0
801990793,3,229.0,4000.0,1.0
801990893,3,228.0,4000.0,1.0
801990993,3,229.0,4000.0,1.0
801991093,3,229.0,4000.0,1.0
801991193,3,228.0,4000.0,1.0
801991293,3,229.0,4000.0,1.0
801991393,3,228.0,4000.0,1.0
801991493,3,229.0,4000.0,1.0
801991593,3,228.0,4000.0,1.0
801991693,3,228.0,4000.0,1.0
801991793,3,228.0,4000.0,1.0
801991993,3,228.0,4000.0,1.0
801992093,3,228.0,4000.0,1.0
801992193,3,228.0,4000.0,1.0
801992293,3,228.0,4000.0,1.0
801992393,3,228.0,4000.0,1.0
801992493,3,228.0,4000.0,1.0
801992593,3,228.0,4000.0,1.0
801992693,3,229.0,4000.0,1.0
801992793,3,228.0,4000.0,1.0
801992893,3,228.0,4000.0,1.0
801992993,3,229.0,4000.0,1.0
801993193,3,228.0,4000.0,1.0
801993293,3,228.0,4000.0,1.0
801993393,3,228.0,4000.0,1.0
801993493,3,228.0,4000.0,1.0
801993594,3,228.0,4000.0,1.0
801993693,3,229.0,4000.0,1.0
801993793,3,229.0,4000.0,1.0
801993893,3,227.0,4000.0,1.0
801993993,3,228.0,4000.0,1.0
801994093,3,228.0,4000.0,1.0
801994193,3,228.0,4000.0,1.0
801994393,3,228.0,4000.0,1.0
801994493,3,228.0,4000.0,1.0
801994593,3,228.0,4000.0,1.0
801994693,3,228.0,4000.0,1.0
801994793,3,228.0,4000.0,1.0
801994893,3,229.0,4000.0,1.0
801994993,3,228.0,4000.0,1.0
801995093,3,228.0,4000.0,1.0
801995193,3,228.0,4000.0,1.0
801995293,3,228.0,4000.0,1.0
801995393,3,228.0,4000.0,1.0
801995593,3,228.0,4000.0,1.0
801995693,3,228.0,4000.0,1.0
801995794,3,228.0,4000.0,1.0
801995893,3,230.0,4000.0,1.0
801995993,3,228.0,4000.0,1.0
801996093,3,228.0,4000.0,1.0
801996193,3,228.0,4000.0,1.0
801996293,3,229.0,4000.0,1.0
801996393,3,228.0,4000.0,1.0
801996493,3,228.0,4000.0,1.0
801996593,3,228.0,4000.0,1.0
801996793,3,228.0,4000.0,1.0
801996893,3,229.0,4000.0,1.0
801996993,3,228.0,4000.0,1.0
801997093,3,228.0,4000.0,1.0
801997193,3,228.0,4000.0,1.0
801997293,3,228.0,4000.0,1.0
801997393,3,229.0,4000.0,1.0
801997493,3,229.0,4000.0,1.0
801997593,3,228.0,4000.0,1.0
801997694,3,228.0,4000.0,1.0
801997793,3,228.0,4000.0,1.0
801997993,3,228.0,4000.0,1.0
801998093,3,228.0,4000.0,1.0
801998193,3,228.0,4000.0,1.0
801998293,3,228.0,4000.0,1.0
801998393,3,228.0,4000.0,1.0
801998493,3,228.0,4000.0,1.0
801998593,3,228.0,4000.0,1.0
801998693,3,228.0,4000.0,1.0
801998793,3,228.0,4000.0,1.0
801998893,3,228.0,4000.0,1.0
801998993,3,230.0,4000.0,1.0
801999193,3,228.0,4000.0,1.0
801999293,3,228.0,4000.0,1.0
801999393,3,228.0,4000.0,1.0
801999493,3,228.0,4000.0,1.0
801999593,3,228.0,4000.0,1.0
801999693,3,228.0,4000.0,1.0
801999793,3,228.0,4000.0,1.0
801999893,3,228.0,4000.0,1.0
801999993,3,228.0,4000.0,1.0
802000093,3,230.0,4000.0,1.0
802000193,3,229.0,4000.0,1.0
802000393,3,228.0,4000.0,1.0
802000493,3,228.0,4000.0,1.0
802000593,3,228.0,4000.0,1.0
802000693,3,228.0,4000.0,1.0
802000794,3,228.0,4000.0,1.0
802000893,3,230.0,4000.0,1.0
802000993,3,228.0,4000.0,1.0
802001093,3,228.0,4000.0,1.0
802001193,3,228.0,4000.0,1.0
802001293,3,228.0,4000.0,1.0
802001393,3,228.0,4000.0,1.0
802001593,3,228.0,4000.0,1.0
802001693,3,229.0,4000.0,1.0
802001793,3,229.0,4000.0,1.0
802001893,3,228.0,4000.0,1.0
802001994,3,228.0,4000.0,1.0
802002093,3,228.0,4000.0,1.0
802002193,3,228.0,4000.0,1.0
802002293,3,229.0,4000.0,1.0
802002393,3,228.0,4000.0,1.0
802002493,3,228.0,4000.0,1.0
802002593,3,228.0,4000.0,1.0
802002793,3,228.0,4000.0,1.0
802002893,3,229.0,4000.0,1.0
802002993,3,228.0,4000.0,1.0
802003093,3,228.0,4000.0,1.0
802003193,3,228.0,4000.0,1.0
802003293,3,228.0,4000.0,1.0
802003394,3,228.0,4000.0,1.0
802003493,3,229.0,4000.0,1.0
802003593,3,229.0,4000.0,1.0
802003693,3,228.0,4000.0,1.0
802003793,3,229.0,4000.0,1.0
802003993,3,228.0,4000.0,1.0
802004093,3,228.0,4000.0,1.0
802004193,3,228.0,4000.0,1.0
802004293,3,228.0,4000.0,1.0
802004393,3,228.0,4000.0,1.0
802004493,3,228.0,4000.0,1.0
802004593,3,228.0,4000.0,1.0
802004693,3,229.0,4000.0,1.0
802004793,3,229.0,4000.0,1.0
802004893,3,228.0,4000.0,1.0
802004993,3,229.0,4000.0,1.0
802005193,3,228.0,4000.0,1.0
802005294,3,229.0,4000.0,1.0
802005393,3,228.0,4000.0,1.0
802005493,3,229.0,4000.0,1.0
802005593,3,228.0,4000.0,1.0
802005693,3,228.0,4000.0,1.0
802005793,3,228.0,4000.0,1.0
802005893,3,229.0,4000.0,1.0
802005993,3,228.0,4000.0,1.0
802006093,3,228.0,4000.0,1.0
802006193,3,228.0,4000.0,1.0
802006393,3,228.0,4000.0,1.0
802006493,3,228.0,4000.0,1.0
802006593,3,229.0,4000.0,1.0
802006693,3,228.0,4000.0,1.0
802006793,3,228.0,4000.0,1.0
802006893,3,228.0,4000.0,1.0
802006993,3,228.0,4000.0,1.0
802007093,3,229.0,4000.0,1.0
802007193,3,229.0,4000.0,1.0
802007293,3,228.0,4000.0,1.0
802007393,3,229.0,4000.0,1.0
802007593,3,228.0,4000.0,1.0
802007693,3,228.0,4000.0,1.0
802007793,3,228.0,4000.0,1.0
802007893,3,228.0,4000.0,1.0
802007994,3,228.0,4000.0,1.0
802008093,3,229.0,4000.0,1.0
802008193,3,228.0,4000.0,1.0
802008293,3,228.0,4000.0,1.0
802008393,3,228.0,4000.0,1.0
802008493,3,228.0,4000.0,1.0
802008593,3,229.0,4000.0,1.0
802008793,3,228.0,4000.0,1.0
802008893,3,228.0,4000.0,1.0
802008993,3,228.0,4000.0,1.0
802009093,3,229.0,4000.0,1.0
802009193,3,229.0,4000.0,1.0
802009293,3,228.0,4000.0,1.0
802009393,3,228.0,4000.0,1.0
802009493,3,229.0,4000.0,1.0
802009593,3,229.0,4000.0,1.0
802009693,3,228.0,4000.0,1.0
802009793,3,228.0,4000.0,1.0
802009993,3,228.0,4000.0,1.0
802010093,3,228.0,4000.0,1.0
802010193,3,228.0,4000.0,1.0
802010293,3,229.0,4000.0,1.0
802010393,3,228.0,4000.0,1.0
802010493,3,228.0,4000.0,1.0
802010593,3,228.0,4000.0,1.0
802010693,3,228.0,4000.0,1.0
802010793,3,228.0,4000.0,1.0
802010893,3,228.0,4000.0,1.0
802010994,3,228.0,4000.0,1.0
802011193,3,228.0,4000.0,1.0
802011293,3,228.0,4000.0,1.0
802011393,3,228.0,4000.0,1.0
802011493,3,228.0,4000.0,1.0
802011593,3,228.0,4000.0,1.0
802011693,3,228.0,4000.0,1.0
802011793,3,229.0,4000.0,1.0
802011893,3,229.0,4000.0,1.0
802011993,3,228.0,4000.0,1.0
802012093,3,228.0,4000.0,1.0
802012193,3,228.0,4000.0,1.0
802012393,3,228.0,4000.0,1.0
802012493,3,229.0,4000.0,1.0
802012593,3,228.0,4000.0,1.0
802012693,3,228.0,4000.0,1.0
802012793,3,228.0,4000.0,1.0
802012893,3,228.0,4000.0,1.0
802012993,3,228.0,4000.0,1.0
802013093,3,228.0,4000.0,1.0
802013193,3,228.0,4000.0,1.0
802013293,3,228.0,4000.0,1.0
802013393,3,228.0,4000.0,1.0
802013593,3,229.0,4000.0,1.0
802013693,3,228.0,4000.0,1.0
802013793,3,229.0,4000.0,1.0
802013894,3,228.0,4000.0,1.0
802013993,3,228.0,4000.0,1.0
802014093,3,230.0,4000.0,1.0
802014193,3,228.0,4000.0,1.0
802014293,3,228.0,4000.0,1.0
802014393,3,229.0,4000.0,1.0
802014494,3,228.0,4000.0,1.0
802014593,3,228.0,4000.0,1.0
802014793,3,228.0,4000.0,1.0
802014893,3,228.0,4000.0,1.0
802014993,3,228.0,4000.0,1.0
802015093,3,228.0,4000.0,1.0
802015193,3,229.0,4000.0,1.0
802015293,3,229.0,4000.0,1.0
802015393,3,228.0,4000.0,1.0
802015493,3,228.0,4000.0,1.0
802015593,3,229.0,4000.0,1.0
802015693,3,228.0,4000.0,1.0
802015793,3,228.0,4000.0,1.0
802015993,3,229.0,4000.0,1.0
802016093,3,228.0,4000.0,1.0
802016193,3,228.0,4000.0,1.0
802016293,3,228.0,4000.0,1.0
802016393,3,228.0,4000.0,1.0
802016493,3,228.0,4000.0,1.0
802016593,3,228.0,4000.0,1.0
802016693,3,229.0,4000.0,1.0
802016793,3,228.0,4000.0,1.0
802016893,3,228.0,4000.0,1.0
802016993,3,228.0,4000.0,1.0
802017193,3,228.0,4000.0,1.0
802017293,3,228.0,4000.0,1.0
802017393,3,228.0,4000.0,1.0
802017494,3,228.0,4000.0,1.0
802017593,3,228.0,4000.0,1.0
802017693,3,230.0,4000.0,1.0
802017793,3,229.0,4000.0,1.0
802017893,3,228.0,4000.0,1.0
802017993,3,229.0,4000.0,1.0
802018093,3,228.0,4000.0,1.0
802018193,3,228.0,4000.0,1.0
802018393,3,228.0,4000.0,1.0
802018493,3,229.0,4000.0,1.0
802018593,3,228.0,4000.0,1.0
802018693,3,228.0,4000.0,1.0
802018793,3,228.0,4000.0,1.0
802018893,3,228.0,4000.0,1.0
802018993,3,228.0,4000.0,1.0
802019093,3,229.0,4000.0,1.0
802019193,3,228.0,4000.0,1.0
802019293,3,228.0,4000.0,1.0
802019393,3,228.0,4000.0,1.0
802019593,3,228.0,4000.0,1.0
802019693,3,228.0,4000.0,1.0
802019793,3,228.0,4000.0,1.0
802019893,3,228.0,4000.0,1.0
802019993,3,228.0,4000.0,1.0
802020093,3,228.0,4000.0,1.0
802020193,3,228.0,4000.0,1.0
802020293,3,228.0,4000.0,1.0
802020393,3,228.0,4000.0,1.0
802020493,3,229.0,4000.0,1.0
802020593,3,228.0,4000.0,1.0
802020794,3,228.0,4000.0,1.0
802020893,3,229.0,4000.0,1.0
802020993,3,228.0,4000.0,1.0
802021093,3,228.0,4000.0,1.0
802021193,3,228.0,4000.0,1.0
802021293,3,228.0,4000.0,1.0
802021393,3,228.0,4000.0,1.0
802021493,3,229.0,4000.0,1.0
802021593,3,228.0,4000.0,1.0
802021693,3,228.0,4000.0,1.0
802021793,3,228.0,4000.0,1.0
802021993,3,229.0,4000.0,1.0
802022093,3,228.0,4000.0,1.0
802022193,3,228.0,4000.0,1.0
802022293,3,228.0,4000.0,1.0
802022393,3,228.0,4000.0,1.0
802022493,3,228.0,4000.0,1.0
802022593,3,229.0,4000.0,1.0
802022693,3,228.0,4000.0,1.0
802022793,3,228.0,4000.0,1.0
802022893,3,228.0,4000.0,1.0
802022993,3,228.0,4000.0,1.0
802023193,3,229.0,4000.0,1.0
802023293,3,228.0,4000.0,1.0
802023393,3,228.0,4000.0,1.0
802023493,3,228.0,4000.0,1.0
802023593,3,228.0,4000.0,1.0
802023693,3,228.0,4000.0,1.0
802023793,3,228.0,4000.0,1.0
802023893,3,228.0,4000.0,1.0
802023993,3,228.0,4000.0,1.0
802024093,3,229.0,4000.0,1.0
802024193,3,228.0,4000.0,1.0
802024393,3,228.0,4000.0,1.0
802024493,3,228.0,4000.0,1.0
802024593,3,228.0,4000.0,1.0
802024693,3,228.0,4000.0,1.0
802024793,3,228.0,4000.0,1.0
802024893,3,228.0,4000.0,1.0
802024993,3,228.0,4000.0,1.0
802025093,3,228.0,4000.0,1.0
802025193,3,228.0,4000.0,1.0
802025293,3,228.0,4000.0,1.0
802025393,3,229.0,4000.0,1.0
802025593,3,228.0,4000.0,1.0
802025693,3,228.0,4000.0,1.0
802025793,3,228.0,4000.0,1.0
802025893,3,229.0,4000.0,1.0
802025993,3,229.0,4000.0,1.0
802026093,3,228.0,4000.0,1.0
802026193,3,228.0,4000.0,1.0
802026293,3,228.0,4000.0,1.0
802026393,3,228.0,4000.0,1.0
802026493,3,230.0,4000.0,1.0
802026593,3,227.0,4000.0,1.0
802026793,3,228.0,4000.0,1.0
802026893,3,228.0,4000.0,1.0
802026993,3,228.0,4000.0,1.0
802027093,3,228.0,4000.0,1.0
802027193,3,228.0,4000.0,1.0
802027293,3,229.0,4000.0,1.0
802027393,3,228.0,4000.0,1.0
802027494,3,229.0,4000.0,1.0
802027593,3,228.0,4000.0,1.0
802027693,3,228.0,4000.0,1.0
802027793,3,228.0,4000.0,1.0
802027993,3,228.0,4000.0,1.0
802028093,3,228.0,4000.0,1.0
802028193,3,228.0,4000.0,1.0
802028293,3,228.0,4000.0,1.0
802028393,3,228.0,4000.0,1.0
802028493,3,228.0,4000.0,1.0
802028593,3,228.0,4000.0,1.0
802028693,3,229.0,4000.0,1.0
802028793,3,228.0,4000.0,1.0
802028893,3,228.0,4000.0,1.0
802028993,3,228.0,4000.0,1.0
802029193,3,228.0,4000.0,1.0
802029293,3,228.0,4000.0,1.0
802029393,3,229.0,4000.0,1.0
802029493,3,228.0,4000.0,1.0
802029593,3,228.0,4000.0,1.0
802029693,3,228.0,4000.0,1.0
802029793,3,228.0,4000.0,1.0
802029893,3,227.0,4000.0,1.0
802029994,3,228.0,4000.0,1.0
802030093,3,228.0,4000.0,1.0
802030193,3,228.0,4000.0,1.0
802030393,3,228.0,4000.0,1.0
802030493,3,228.0,4000.0,1.0
802030593,3,228.0,4000.0,1.0
802030693,3,229.0,4000.0,1.0
802030793,3,228.0,4000.0,1.0
802030893,3,228.0,4000.0,1.0
802030993,3,228.0,4000.0,1.0
802031093,3,229.0,4000.0,1.0
802031193,3,229.0,4000.0,1.0
802031293,3,228.0,4000.0,1.0
802031393,3,228.0,4000.0,1.0
802031593,3,228.0,4000.0,1.0
802031693,3,228.0,4000.0,1.0
802031793,3,228.0,4000.0,1.0
802031893,3,229.0,4000.0,1.0
802031993,3,228.0,4000.0,1.0
802032093,3,229.0,4000.0,1.0
802032193,3,228.0,4000.0,1.0
802032293,3,229.0,4000.0,1.0
802032393,3,228.0,4000.0,1.0
802032493,3,229.0,4000.0,1.0
802032593,3,229.0,4000.0,1.0
802032793,3,228.0,4000.0,1.0
802032893,3,228.0,4000.0,1.0
802032993,3,229.0,4000.0,1.0
802033093,3,228.0,4000.0,1.0
802033193,3,229.0,4000.0,1.0
802033293,3,228.0,4000.0,1.0
802033393,3,228.0,4000.0,1.0
802033493,3,229.0,4000.0,1.0
802033593,3,228.0,4000.0,1.0
802033693,3,228.0,4000.0,1.0
802033794,3,229.0,4000.0,1.0
802033993,3,228.0,4000.0,1.0
802034093,3,229.0,4000.0,1.0
802034193,3,229.0,4000.0,1.0
802034293,3,228.0,4000.0,1.0
802034393,3,229.0,4000.0,1.0
802034493,3,229.0,4000.0,1.0
802034593,3,228.0,4000.0,1.0
802034693,3,228.0,4000.0,1.0
802034793,3,229.0,4000.0,1.0
802034893,3,229.0,4000.0,1.0
802034993,3,229.0,4000.0,1.0
802035193,3,229.0,4000.0,1.0
802035293,3,229.0,4000.0,1.0
802035393,3,227.0,4000.0,1.0
802035493,3,229.0,4000.0,1.0
802035593,3,228.0,4000.0,1.0
802035693,3,228.0,4000.0,1.0
802035793,3,229.0,4000.0,1.0
802035893,3,229.0,4000.0,1.0
802035993,3,229.0,4000.0,1.0
802036093,3,229.0,4000.0,1.0
802036193,3,229.0,4000.0,1.0
802036393,3,229.0,4000.0,1.0
802036493,3,228.0,4000.0,1.0
802036593,3,229.0,4000.0,1.0
802036693,3,229.0,4000.0,1.0
802036793,3,229.0,4000.0,1.0
802036893,3,229.0,4000.0,1.0
802036993,3,229.0,4000.0,1.0
802037093,3,228.0,4000.0,1.0
802037193,3,229.0,4000.0,1.0
802037293,3,229.0,4000.0,1.0
802037393,3,229.0,4000.0,1.0
802037593,3,229.0,4000.0,1.0
802037693,3,228.0,4000.0,1.0
802037793,3,229.0,4000.0,1.0
802037893,3,229.0,4000.0,1.0
802037993,3,229.0,4000.0,1.0
802038093,3,229.0,4000.0,1.0
802038193,3,229.0,4000.0,1.0
802038293,3,229.0,4000.0,1.0
802038393,3,229.0,4000.0,1.0
802038493,3,229.0,4000.0,1.0
802038593,3,229.0,4000.0,1.0
802038793,3,228.0,4000.0,1.0
802038893,3,229.0,4000.0,1.0
802038993,3,229.0,4000.0,1.0
802039093,3,229.0,4000.0,1.0
802039193,3,229.0,4000.0,1.0
802039293,3,228.0,4000.0,1.0
802039393,3,228.0,4000.0,1.0
802039493,3,229.0,4000.0,1.0
802039593,3,228.0,4000.0,1.0
802039693,3,229.0,4000.0,1.0
802039793,3,229.0,4000.0,1.0
802039993,3,228.0,4000.0,1.0
802040093,3,229.0,4000.0,1.0
802040193,3,229.0,4000.0,1.0
802040293,3,229.0,4000.0,1.0
802040393,3,228.0,4000.0,1.0
802040494,3,229.0,4000.0,1.0
802040593,3,228.0,4000.0,1.0
802040693,3,229.0,4000.0,1.0
802040793,3,228.0,4000.0,1.0
802040893,3,229.0,4000.0,1.0
802040993,3,229.0,4000.0,1.0
802041193,3,229.0,4000.0,1.0
802041293,3,229.0,4000.0,1.0
802041393,3,228.0,4000.0,1.0
802041493,3,228.0,4000.0,1.0
802041593,3,229.0,4000.0,1.0
802041693,3,229.0,4000.0,1.0
802041793,3,228.0,4000.0,1.0
802041893,3,229.0,4000.0,1.0
802041993,3,229.0,4000.0,1.0
802042093,3,229.0,4000.0,1.0
802042193,3,229.0,4000.0,1.0
802042393,3,229.0,4000.0,1.0
802042493,3,229.0,4000.0,1.0
802042593,3,228.0,4000.0,1.0
802042693,3,229.0,4000.0,1.0
802042793,3,229.0,4000.0,1.0
802042893,3,229.0,4000.0,1.0
802042993,3,228.0,4000.0,1.0
802043093,3,228.0,4000.0,1.0
802043193,3,229.0,4000.0,1.0
802043294,3,229.0,4000.0,1.0
802043393,3,228.0,4000.0,1.0
802043593,3,228.0,4000.0,1.0
802043693,3,229.0,4000.0,1.0
802043793,3,228.0,4000.0,1.0
802043893,3,229.0,4000.0,1.0
802043993,3,229.0,4000.0,1.0
802044093,3,228.0,4000.0,1.0
802044193,3,229.0,4000.0,1.0
802044293,3,228.0,4000.0,1.0
802044393,3,228.0,4000.0,1.0
802044493,3,228.0,4000.0,1.0
802044593,3,228.0,4000.0,1.0
802044793,3,228.0,4000.0,1.0
802044893,3,228.0,4000.0,1.0
802044993,3,228.0,4000.0,1.0
802045093,3,228.0,4000.0,1.0
802045193,3,229.0,4000.0,1.0
802045293,3,228.0,4000.0,1.0
802045393,3,228.0,4000.0,1.0
802045493,3,229.0,4000.0,1.0
802045593,3,229.0,4000.0,1.0
802045693,3,228.0,4000.0,1.0
802045793,3,228.0,4000.0,1.0
802045993,3,228.0,4000.0,1.0
802046093,3,228.0,4000.0,1.0
802046193,3,228.0,4000.0,1.0
802046293,3,229.0,4000.0,1.0
802046393,3,229.0,4000.0,1.0
802046493,3,229.0,4000.0,1.0
802046593,3,228.0,4000.0,1.0
802046693,3,229.0,4000.0,1.0
802046793,3,228.0,4000.0,1.0
802046893,3,229.0,4000.0,1.0
802046993,3,228.0,4000.0,1.0
802047193,3,229.0,4000.0,1.0
802047293,3,228.0,4000.0,1.0
802047393,3,228.0,4000.0,1.0
802047493,3,228.0,4000.0,1.0
802047593,3,229.0,4000.0,1.0
802047693,3,229.0,4000.0,1.0
802047793,3,229.0,4000.0,1.0
802047893,3,228.0,4000.0,1.0
802047994,3,228.0,4000.0,1.0
802048093,3,228.0,4000.0,1.0
802048193,3,229.0,4000.0,1.0
802048393,3,229.0,4000.0,1.0
802048493,3,228.0,4000.0,1.0
802048593,3,228.0,4000.0,1.0
802048694,3,229.0,4000.0,1.0
802048793,3,228.0,4000.0,1.0
802048893,3,229.0,4000.0,1.0
802048993,3,228.0,4000.0,1.0
802049093,3,229.0,4000.0,1.0
802049193,3,228.0,4000.0,1.0
802049293,3,228.0,4000.0,1.0
802049393,3,228.0,4000.0,1.0
802049593,3,229.0,4000.0,1.0
802049693,3,229.0,4000.0,1.0
802049793,3,228.0,4000.0,1.0
802049893,3,228.0,4000.0,1.0
802049993,3,229.0,4000.0,1.0
802050093,3,229.0,4000.0,1.0
802050193,3,229.0,4000.0,1.0
802050293,3,228.0,4000.0,1.0
802050393,3,229.0,4000.0,1.0
802050493,3,229.0,4000.0,1.0
802050593,3,228.0,4000.0,1.0
802050793,3,229.0,4000.0,1.0
802050894,3,229.0,4000.0,1.0
802050993,3,229.0,4000.0,1.0
802051093,3,229.0,4000.0,1.0
802051193,3,229.0,4000.0,1.0
802051293,3,229.0,4000.0,1.0
802051393,3,229.0,4000.0,1.0
802051493,3,228.0,4000.0,1.0
802051593,3,228.0,4000.0,1.0
802051693,3,229.0,4000.0,1.0
802051793,3,228.0,4000.0,1.0
802051993,3,228.0,4000.0,1.0
802052093,3,229.0,4000.0,1.0
802052193,3,229.0,4000.0,1.0
802052293,3,228.0,4000.0,1.0
802052393,3,229.0,4000.0,1.0
802052493,3,229.0,4000.0,1.0
802052593,3,229.0,4000.0,1.0
802052693,3,229.0,4000.0,1.0
802052793,3,228.0,4000.0,1.0
802052893,3,228.0,4000.0,1.0
802052993,3,228.0,4000.0,1.0
802053193,3,229.0,4000.0,1.0
802053293,3,229.0,4000.0,1.0
802053393,3,229.0,4000.0,1.0
802053493,3,228.0,4000.0,1.0
802053593,3,229.0,4000.0,1.0
802053693,3,228.0,4000.0,1.0
802053793,3,228.0,4000.0,1.0
802053893,3,229.0,4000.0,1.0
802053993,3,228.0,4000.0,1.0
802054093,3,229.0,4000.0,1.0
802054193,3,228.0,4000.0,1.0
802054393,3,229.0,4000.0,1.0
802054493,3,228.0,4000.0,1.0
802054593,3,229.0,4000.0,1.0
802054693,3,229.0,4000.0,1.0
802054793,3,228.0,4000.0,1.0
802054893,3,229.0,4000.0,1.0
802054993,3,229.0,4000.0,1.0
802055093,3,228.0,4000.0,1.0
802055193,3,228.0,4000.0,1.0
802055293,3,229.0,4000.0,1.0
802055393,3,228.0,4000.0,1.0
802055593,3,229.0,4000.0,1.0
802055693,3,229.0,4000.0,1.0
802055793,3,229.0,4000.0,1.0
802055893,3,229.0,4000.0,1.0
802055993,3,229.0,4000.0,1.0
802056093,3,229.0,4000.0,1.0
802056193,3,229.0,4000.0,1.0
802056293,3,228.0,4000.0,1.0
802056393,3,229.0,4000.0,1.0
802056493,3,229.0,4000.0,1.0
802056593,3,229.0,4000.0,1.0
802056793,3,229.0,4000.0,1.0
802056893,3,229.0,4000.0,1.0
802056993,3,228.0,4000.0,1.0
802057093,3,228.0,4000.0,1.0
802057193,3,229.0,4000.0,1.0
802057293,3,228.0,4000.0,1.0
802057393,3,229.0,4000.0,1.0
802057493,3,229.0,4000.0,1.0
802057593,3,229.0,4000.0,1.0
802057693,3,229.0,4000.0,1.0
802057793,3,228.0,4000.0,1.0
802057993,3,229.0,4000.0,1.0
802058093,3,229.0,4000.0,1.0
802058193,3,229.0,4000.0,1.0
802058293,3,228.0,4000.0,1.0
802058393,3,228.0,4000.0,1.0
802058494,3,229.0,4000.0,1.0
802058593,3,229.0,4000.0,1.0
802058693,3,229.0,4000.0,1.0
802058793,3,228.0,4000.0,1.0
802058893,3,229.0,4000.0,1.0
802058994,3,229.0,4000.0,1.0
802059193,3,229.0,4000.0,1.0
802059293,3,229.0,4000.0,1.0
802059393,3,228.0,4000.0,1.0
802059493,3,228.0,4000.0,1.0
802059593,3,228.0,4000.0,1.0
802059693,3,229.0,4000.0,1.0
802059793,3,228.0,4000.0,1.0
802059893,3,229.0,4000.0,1.0
802059993,3,228.0,4000.0,1.0
802060093,3,228.0,4000.0,1.0
802060193,3,228.0,4000.0,1.0
802060393,3,229.0,4000.0,1.0
802060493,3,229.0,4000.0,1.0
802060593,3,229.0,4000.0,1.0
802060693,3,228.0,4000.0,1.0
802060793,3,228.0,4000.0,1.0
802060893,3,229.0,4000.0,1.0
802060993,3,228.0,4000.0,1.0
802061093,3,229.0,4000.0,1.0
802061193,3,228.0,4000.0,1.0
802061294,3,228.0,4000.0,1.0
802061393,3,229.0,4000.0,1.0
802061593,3,229.0,4000.0,1.0
802061693,3,229.0,4000.0,1.0
802061793,3,229.0,4000.0,1.0
802061893,3,229.0,4000.0,1.0
802061994,3,229.0,4000.0,1.0
802062093,3,229.0,4000.0,1.0
802062193,3,229.0,4000.0,1.0
802062293,3,229.0,4000.0,1.0
802062393,3,229.0,4000.0,1.0
802062493,3,229.0,4000.0,1.0
802062593,3,229.0,4000.0,1.0
802062793,3,229.0,4000.0,1.0
802062893,3,228.0,4000.0,1.0
802062993,3,229.0,4000.0,1.0
802063093,3,228.0,4000.0,1.0
802063193,3,228.0,4000.0,1.0
802063293,3,228.0,4000.0,1.0
802063393,3,229.0,4000.0,1.0
802063493,3,229.0,4000.0,1.0
802063593,3,229.0,4000.0,1.0
802063693,3,229.0,4000.0,1.0
802063793,3,229.0,4000.0,1.0
802063993,3,229.0,4000.0,1.0
802064093,3,228.0,4000.0,1.0
802064194,3,229.0,4000.0,1.0
802064293,3,229.0,4000.0,1.0
802064393,3,228.0,4000.0,1.0
802064493,3,229.0,4000.0,1.0
802064593,3,228.0,4000.0,1.0
802064693,3,228.0,4000.0,1.0
802064793,3,228.0,4000.0,1.0
802064893,3,229.0,4000.0,1.0
802064993,3,229.0,4000.0,1.0
802065193,3,229.0,4000.0,1.0
802065293,3,229.0,4000.0,1.0
802065393,3,229.0,4000.0,1.0
802065493,3,229.0,4000.0,1.0
802065593,3,229.0,4000.0,1.0
802065693,3,229.0,4000.0,1.0
802065793,3,229.0,4000.0,1.0
802065893,3,228.0,4000.0,1.0
802065993,3,229.0,4000.0,1.0
802066093,3,229.0,4000.0,1.0
802066193,3,229.0,4000.0,1.0
802066393,3,228.0,4000.0,1.0
802066493,3,228.0,4000.0,1.0
802066593,3,228.0,4000.0,1.0
802066693,3,229.0,4000.0,1.0
802066793,3,227.0,4000.0,1.0
802066893,3,228.0,4000.0,1.0
802066993,3,229.0,4000.0,1.0
802067093,3,229.0,4000.0,1.0
802067193,3,228.0,4000.0,1.0
802067293,3,229.0,4000.0,1.0
802067393,3,229.0,4000.0,1.0
802067593,3,229.0,4000.0,1.0
802067693,3,228.0,4000.0,1.0
802067793,3,228.0,4000.0,1.0
802067893,3,228.0,4000.0,1.0
802067993,3,229.0,4000.0,1.0
802068093,3,228.0,4000.0,1.0
802068193,3,228.0,4000.0,1.0
802068293,3,228.0,4000.0,1.0
802068393,3,228.0,4000.0,1.0
802068493,3,228.0,4000.0,1.0
802068593,3,229.0,4000.0,1.0
802068793,3,229.0,4000.0,1.0
802068894,3,229.0,4000.0,1.0
802068993,3,229.0,4000.0,1.0
802069093,3,229.0,4000.0,1.0
802069193,3,229.0,4000.0,1.0
802069293,3,228.0,4000.0,1.0
802069393,3,229.0,4000.0,1.0
802069493,3,229.0,4000.0,1.0
802069593,3,228.0,4000.0,1.0
802069693,3,228.0,4000.0,1.0
802069793,3,228.0,4000.0,1.0
802069993,3,228.0,4000.0,1.0
802070093,3,228.0,4000.0,1.0
802070193,3,229.0,4000.0,1.0
802070293,3,228.0,4000.0,1.0
802070393,3,229.0,4000.0,1.0
802070493,3,229.0,4000.0,1.0
802070593,3,228.0,4000.0,1.0
802070693,3,228.0,4000.0,1.0
802070793,3,228.0,4000.0,1.0
802070893,3,228.0,4000.0,1.0
802070993,3,229.0,4000.0,1.0
802071193,3,229.0,4000.0,1.0
802071293,3,229.0,4000.0,1.0
802071393,3,228.0,4000.0,1.0
802071493,3,228.0,4000.0,1.0
802071593,3,229.0,4000.0,1.0
802071693,3,229.0,4000.0,1.0
802071794,3,229.0,4000.0,1.0
802071893,3,228.0,4000.0,1.0
802071993,3,228.0,4000.0,1.0
802072093,3,229.0,4000.0,1.0
802072193,3,229.0,4000.0,1.0
802072393,3,228.0,4000.0,1.0
802072493,3,229.0,4000.0,1.0
802072593,3,229.0,4000.0,1.0
802072693,3,229.0,4000.0,1.0
802072793,3,229.0,4000.0,1.0
802072893,3,228.0,4000.0,1.0
802072993,3,229.0,4000.0,1.0
802073093,3,229.0,4000.0,1.0
802073193,3,229.0,4000.0,1.0
802073293,3,229.0,4000.0,1.0
802073393,3,228.0,4000.0,1.0
802073593,3,229.0,4000.0,1.0
802073693,3,229.0,4000.0,1.0
802073793,3,229.0,4000.0,1.0
802073893,3,228.0,4000.0,1.0
802073993,3,228.0,4000.0,1.0
802074093,3,229.0,4000.0,1.0
802074193,3,228.0,4000.0,1.0
802074293,3,229.0,4000.0,1.0
802074393,3,228.0,4000.0,1.0
802074493,3,228.0,4000.0,1.0
802074593,3,229.0,4000.0,1.0
802074793,3,229.0,4000.0,1.0
802074893,3,228.0,4000.0,1.0
802074994,3,228.0,4000.0,1.0
802075093,3,229.0,4000.0,1.0
802075193,3,229.0,4000.0,1.0
802075293,3,228.0,4000.0,1.0
802075393,3,228.0,4000.0,1.0
802075493,3,228.0,4000.0,1.0
802075593,3,229.0,4000.0,1.0
802075693,3,228.0,4000.0,1.0
802075793,3,229.0,4000.0,1.0
802075993,3,229.0,4000.0,1.0
802076093,3,229.0,4000.0,1.0
802076194,3,228.0,4000.0,1.0
802076293,3,228.0,4000.0,1.0
802076393,3,229.0,4000.0,1.0
802076493,3,228.0,4000.0,1.0
802076593,3,228.0,4000.0,1.0
802076693,3,228.0,4000.0,1.0
802076793,3,229.0,4000.0,1.0
802076893,3,229.0,4000.0,1.0
802076993,3,228.0,4000.0,1.0
802077193,3,229.0,4000.0,1.0
802077293,3,229.0,4000.0,1.0
802077393,3,229.0,4000.0,1.0
802077493,3,229.0,4000.0,1.0
802077593,3,229.0,4000.0,1.0
802077693,3,229.0,4000.0,1.0
802077793,3,229.0,4000.0,1.0
802077893,3,229.0,4000.0,1.0
802077993,3,229.0,4000.0,1.0
802078093,3,229.0,4000.0,1.0
802078193,3,229.0,4000.0,1.0
802078393,3,229.0,4000.0,1.0
802078493,3,229.0,4000.0,1.0
802078593,3,229.0,4000.0,1.0
802078693,3,229.0,4000.0,1.0
802078793,3,229.0,4000.0,1.0
802078893,3,228.0,4000.0,1.0
802078993,3,229.0,4000.0,1.0
802079093,3,229.0,4000.0,1.0
802079193,3,229.0,4000.0,1.0
802079293,3,228.0,4000.0,1.0
802079393,3,228.0,4000.0,1.0
802079593,3,229.0,4000.0,1.0
802079693,3,229.0,4000.0,1.0
802079793,3,228.0,4000.0,1.0
802079893,3,228.0,4000.0,1.0
802079993,3,229.0,4000.0,1.0
802080093,3,229.0,4000.0,1.0
802080193,3,229.0,4000.0,1.0
802080293,3,228.0,4000.0,1.0
802080393,3,229.0,4000.0,1.0
802080493,3,229.0,4000.0,1.0
802080593,3,229.0,4000.0,1.0
802080793,3,229.0,4000.0,1.0
802080893,3,229.0,4000.0,1.0
802080993,3,229.0,4000.0,1.0
802081093,3,229.0,4000.0,1.0
802081194,3,229.0,4000.0,1.0
802081294,3,229.0,4000.0,1.0
802081393,3,229.0,4000.0,1.0
802081493,3,229.0,4000.0,1.0
802081593,3,228.0,4000.0,1.0
802081693,3,229.0,4000.0,1.0
802081793,3,229.0,4000.0,1.0
802081993,3,228.0,4000.0,1.0
802082093,3,228.0,4000.0,1.0
802082193,3,228.0,4000.0,1.0
802082293,3,229.0,4000.0,1.0
802082393,3,229.0,4000.0,1.0
802082493,3,228.0,4000.0,1.0
802082593,3,228.0,4000.0,1.0
802082693,3,229.0,4000.0,1.0
802082793,3,229.0,4000.0,1.0
802082893,3,228.0,4000.0,1.0
802082993,3,228.0,4000.0,1.0
802083194,3,228.0,4000.0,1.0
802083293,3,229.0,4000.0,1.0
802083393,3,229.0,4000.0,1.0
802083493,3,229.0,4000.0,1.0
802083593,3,229.0,4000.0,1.0
802083693,3,228.0,4000.0,1.0
802083793,3,229.0,4000.0,1.0
802083893,3,229.0,4000.0,1.0
802083993,3,229.0,4000.0,1.0
802084093,3,228.0,4000.0,1.0
802084193,3,228.0,4000.0,1.0
802084393,3,229.0,4000.0,1.0
802084493,3,229.0,4000.0,1.0
802084593,3,229.0,4000.0,1.0
802084693,3,229.0,4000.0,1.0
802084793,3,228.0,4000.0,1.0
802084893,3,229.0,4000.0,1.0
802084993,3,229.0,4000.0,1.0
802085093,3,229.0,4000.0,1.0
802085193,3,229.0,4000.0,1.0
802085293,3,229.0,4000.0,1.0
802085393,3,229.0,4000.0,1.0
802085593,3,229.0,4000.0,1.0
802085693,3,228.0,4000.0,1.0
802085793,3,229.0,4000.0,1.0
802085893,3,229.0,4000.0,1.0
802085993,3,229.0,4000.0,1.0
802086093,3,229.0,4000.0,1.0
802086193,3,228.0,4000.0,1.0
802086293,3,228.0,4000.0,1.0
802086393,3,229.0,4000.0,1.0
802086493,3,229.0,4000.0,1.0
802086593,3,229.0,4000.0,1.0
802086793,3,229.0,4000.0,1.0
802086893,3,229.0,4000.0,1.0
802086993,3,229.0,4000.0,1.0
802087093,3,228.0,4000.0,1.0
802087193,3,228.0,4000.0,1.0
802087293,3,229.0,4000.0,1.0
802087393,3,228.0,4000.0,1.0
802087493,3,228.0,4000.0,1.0
802087593,3,229.0,4000.0,1.0
802087693,3,228.0,4000.0,1.0
802087793,3,228.0,4000.0,1.0
802087993,3,229.0,4000.0,1.0
802088093,3,229.0,4000.0,1.0
802088193,3,229.0,4000.0,1.0
802088293,3,229.0,4000.0,1.0
802088393,3,229.0,4000.0,1.0
802088493,3,229.0,4000.0,1.0
802088593,3,229.0,4000.0,1.0
802088693,3,228.0,4000.0,1.0
802088793,3,228.0,4000.0,1.0
802088893,3,229.0,4000.0,1.0
802088993,3,229.0,4000.0,1.0
802089193,3,229.0,4000.0,1.0
802089293,3,229.0,4000.0,1.0
802089393,3,229.0,4000.0,1.0
802089493,3,229.0,4000.0,1.0
802089593,3,229.0,4000.0,1.0
802089693,3,229.0,4000.0,1.0
802089793,3,228.0,4000.0,1.0
802089893,3,229.0,4000.0,1.0
802089993,3,229.0,4000.0,1.0
802090093,3,229.0,4000.0,1.0
802090193,3,228.0,4000.0,1.0
802090393,3,229.0,4000.0,1.0
802090493,3,228.0,4000.0,1.0
802090593,3,229.0,4000.0,1.0
802090693,3,229.0,4000.0,1.0
802090794,3,229.0,4000.0,1.0
802090893,3,229.0,4000.0,1.0
802090993,3,229.0,4000.0,1.0
802091093,3,228.0,4000.0,1.0
802091193,3,229.0,4000.0,1.0
802091293,3,229.0,4000.0,1.0
802091393,3,229.0,4000.0,1.0
802091593,3,228.0,4000.0,1.0
802091693,3,228.0,4000.0,1.0
802091793,3,229.0,4000.0,1.0
802091893,3,229.0,4000.0,1.0
802091993,3,229.0,4000.0,1.0
802092093,3,229.0,4000.0,1.0
802092193,3,229.0,4000.0,1.0
802092293,3,229.0,4000.0,1.0
802092393,3,229.0,4000.0,1.0
802092493,3,229.0,4000.0,1.0
802092593,3,228.0,4000.0,1.0
802092793,3,229.0,4000.0,1.0
802092893,3,228.0,4000.0,1.0
802092993,3,228.0,4000.0,1.0
802093093,3,228.0,4000.0,1.0
802093193,3,229.0,4000.0,1.0
802093294,3,228.0,4000.0,1.0
802093393,3,228.0,4000.0,1.0
802093493,3,228.0,4000.0,1.0
802093593,3,228.0,4000.0,1.0
802093694,3,228.0,4000.0,1.0
802093793,3,229.0,4000.0,1.0
802093993,3,229.0,4000.0,1.0
802094093,3,228.0,4000.0,1.0
802094193,3,229.0,4000.0,1.0
802094293,3,228.0,4000.0,1.0
802094393,3,229.0,4000.0,1.0
802094493,3,228.0,4000.0,1.0
802094593,3,229.0,4000.0,1.0
802094693,3,228.0,4000.0,1.0
802094793,3,229.0,4000.0,1.0
802094893,3,229.0,4000.0,1.0
802094993,3,228.0,4000.0,1.0
802095193,3,228.0,4000.0,1.0
802095293,3,228.0,4000.0,1.0
802095393,3,228.0,4000.0,1.0
802095493,3,228.0,4000.0,1.0
802095593,3,227.0,4000.0,1.0
802095693,3,228.0,4000.0,1.0
802095793,3,229.0,4000.0,1.0
802095893,3,228.0,4000.0,1.0
802095993,3,228.0,4000.0,1.0
802096093,3,228.0,4000.0,1.0
802096193,3,229.0,4000.0,1.0
802096393,3,229.0,4000.0,1.0
802096494,3,229.0,4000.0,1.0
802096593,3,228.0,4000.0,1.0
802096693,3,229.0,4000.0,1.0
802096793,3,227.0,4000.0,1.0
802096893,3,228.0,4000.0,1.0
802096993,3,229.0,4000.0,1.0
802097093,3,229.0,4000.0,1.0
802097193,3,229.0,4000.0,1.0
802097293,3,228.0,4000.0,1.0
802097393,3,228.0,4000.0,1.0
802097593,3,229.0,4000.0,1.0
802097693,3,228.0,4000.0,1.0
802097793,3,229.0,4000.0,1.0
802097893,3,228.0,4000.0,1.0
802097993,3,228.0,4000.0,1.0
802098093,3,228.0,4000.0,1.0
802098193,3,229.0,4000.0,1.0
802098293,3,228.0,4000.0,1.0
802098394,3,228.0,4000.0,1.0
802098493,3,228.0,4000.0,1.0
802098593,3,228.0,4000.0,1.0
802098793,3,228.0,4000.0,1.0
802098893,3,229.0,4000.0,1.0
802098993,3,228.0,4000.0,1.0
802099093,3,228.0,4000.0,1.0
802099193,3,229.0,4000.0,1.0
802099293,3,229.0,4000.0,1.0
802099393,3,229.0,4000.0,1.0
802099493,3,228.0,4000.0,1.0
802099593,3,229.0,4000.0,1.0
802099693,3,229.0,4000.0,1.0
802099793,3,228.0,4000.0,1.0
802099993,3,228.0,4000.0,1.0
802100093,3,228.0,4000.0,1.0
802100193,3,229.0,4000.0,1.0
802100293,3,227.0,4000.0,1.0
802100393,3,226.0,4000.0,1.0
802100493,3,227.0,4000.0,1.0
802100593,3,227.0,4000.0,1.0
802100693,3,226.0,4000.0,1.0
802100793,3,226.0,4000.0,1.0
802100893,3,226.0,4000.0,1.0
802100993,3,227.0,4000.0,1.0
802101194,3,226.0,4000.0,1.0
802101293,3,226.0,4000.0,1.0
802101393,3,224.0,4000.0,1.0
802101493,3,224.0,4000.0,1.0
802101593,3,223.0,4000.0,1.0
802101693,3,223.0,4000.0,1.0
802101793,3,225.0,4000.0,1.0
802101893,3,223.0,4000.0,1.0
802101993,3,223.0,4000.0,1.0
802102093,3,223.0,4000.0,1.0
802102194,3,225.0,4000.0,1.0
802102393,3,224.0,4000.0,1.0
802102493,3,224.0,4000.0,1.0
802102593,3,225.0,4000.0,1.0
802102693,3,225.0,4000.0,1.0
802102793,3,226.0,4000.0,1.0
802102893,3,226.0,4000.0,1.0
802102993,3,226.0,4000.0,1.0
802103093,3,226.0,4000.0,1.0
802103193,3,226.0,4000.0,1.0
802103293,3,226.0,4000.0,1.0
802103393,3,226.0,4000.0,1.0
802103593,3,226.0,4000.0,1.0
802103693,3,226.0,4000.0,1.0
802103793,3,226.0,4000.0,1.0
802103893,3,226.0,4000.0,1.0
802103993,3,226.0,4000.0,1.0
802104093,3,226.0,4000.0,1.0
802104193,3,226.0,4000.0,1.0
802104293,3,226.0,4000.0,1.0
802104393,3,226.0,4000.0,1.0
802104493,3,226.0,4000.0,1.0
802104593,3,226.0,4000.0,1.0
802104793,3,226.0,4000.0,1.0
802104893,3,226.0,4000.0,1.0
802104993,3,226.0,4000.0,1.0
802105093,3,226.0,4000.0,1.0
802105193,3,226.0,4000.0,1.0
802105293,3,226.0,4000.0,1.0
802105393,3,226.0,4000.0,1.0
802105493,3,226.0,4000.0,1.0
802105593,3,226.0,4000.0,1.0
802105693,3,226.0,4000.0,1.0
802105793,3,226.0,4000.0,1.0
802105993,3,226.0,4000.0,1.0
802106093,3,224.0,4000.0,1.0
802106193,3,225.0,4000.0,1.0
802106293,3,223.0,4000.0,1.0
802106393,3,223.0,4000.0,1.0
802106493,3,219.0,4000.0,1.0
802106593,3,211.0,4000.0,1.0
802106693,3,207.0,4000.0,1.0
802106793,3,199.0,4000.0,1.0
802106893,3,192.0,4000.0,1.0
802106993,3,184.0,4000.0,1.0
802107193,3,170.0,4000.0,1.0
802107293,3,172.0,4000.0,1.0
802107393,3,159.0,4000.0,1.0
802107493,3,165.0,4000.0,1.0
802107593,3,181.0,4000.0,1.0
802107693,3,190.0,4000.0,1.0
802107793,3,201.0,4000.0,1.0
802107894,3,216.0,4000.0,1.0
802107993,3,221.0,4000.0,1.0
802108093,3,221.0,4000.0,1.0
802108193,3,224.0,4000.0,1.0
802108393,3,226.0,4000.0,1.0
802108493,3,226.0,4000.0,1.0
802108593,3,226.0,4000.0,1.0
802108693,3,226.0,4000.0,1.0
802108793,3,226.0,4000.0,1.0
802108893,3,226.0,4000.0,1.0
802108993,3,226.0,4000.0,1.0
802109093,3,226.0,4000.0,1.0
802109193,3,226.0,4000.0,1.0
802109293,3,227.0,4000.0,1.0
