baro_s002_001 Pressure Sensor Non-wakeup,Goertek,2025-03-06_18-41-53.764_TGW
imuTimestamp,accuracy(more=better),pressure[millibar]
801243372,3,977.39954
801243403,3,977.3777
801243434,3,977.38354
801243465,3,977.39105
801243497,3,977.39905
801243528,3,977.39636
801243559,3,977.4023
801243590,3,977.3975
801243622,3,977.3906
801243653,3,977.39636
801243684,3,977.3804
801243715,3,977.4023
801243747,3,977.38354
801243778,3,977.39526
801243809,3,977.38837
801243840,3,977.38574
801243872,3,977.40594
801243903,3,977.4023
801243934,3,977.40063
801243965,3,977.40015
801243997,3,977.4012
801244028,3,977.414
801244059,3,977.4118
801244090,3,977.40283
801244122,3,977.3927
801244153,3,977.4102
801244184,3,977.3985
801244215,3,977.3975
801244247,3,977.4076
801244278,3,977.39954
801244309,3,977.40393
801244340,3,977.41284
801244372,3,977.4023
801244403,3,977.39
801244434,3,977.40594
801244465,3,977.4023
801244497,3,977.39636
801244528,3,977.3739
801244559,3,977.39905
801244590,3,977.3947
801244622,3,977.4044
801244653,3,977.41284
801244684,3,977.40015
801244715,3,977.4023
801244747,3,977.3937
801244778,3,977.4012
801244809,3,977.3975
801244840,3,977.3959
801244872,3,977.39105
801244903,3,977.38727
801244934,3,977.38837
801244965,3,977.3975
801244997,3,977.4051
801245028,3,977.4062
801245059,3,977.4116
801245090,3,977.3864
801245122,3,977.411
801245153,3,977.3993
801245184,3,977.38916
801245215,3,977.3971
801245247,3,977.40344
801245278,3,977.40247
801245309,3,977.40247
801245340,3,977.404
801245372,3,977.4051
801245403,3,977.411
801245434,3,977.38916
801245465,3,977.4137
801245497,3,977.40247
801245528,3,977.39496
801245559,3,977.4051
801245590,3,977.3897
801245622,3,977.3864
801245653,3,977.3838
801245684,3,977.3864
801245715,3,977.3966
801245747,3,977.3908
801245778,3,977.38275
801245809,3,977.38275
801245840,3,977.3918
801245872,3,977.3902
801245903,3,977.3694
801245934,3,977.38165
801245965,3,977.36835
801245997,3,977.3784
801246028,3,977.4112
801246059,3,977.3995
801246090,3,977.4
801246122,3,977.41644
801246153,3,977.39307
801246184,3,977.4085
801246215,3,977.4017
801246247,3,977.39624
801246278,3,977.4032
801246309,3,977.3979
801246340,3,977.3947
801246372,3,977.4
801246403,3,977.40643
801246434,3,977.39624
801246465,3,977.39734
801246497,3,977.3899
801246528,3,977.3867
801246559,3,977.3861
801246590,3,977.38245
801246622,3,977.4048
801246653,3,977.39624
801246684,3,977.38885
801246715,3,977.3995
801246747,3,977.3563
801246778,3,977.36957
801246809,3,977.34875
801246840,3,977.3552
801246872,3,977.37067
801246903,3,977.37604
801246934,3,977.36957
801246965,3,977.36957
801246997,3,977.37067
801247028,3,977.3844
801247059,3,977.3833
801247091,3,977.3908
801247122,3,977.56885
801247153,3,977.5753
801247184,3,977.40625
801247215,3,977.32574
801247247,3,977.2868
801247278,3,977.33417
801247309,3,977.4308
801247340,3,977.2974
801247372,3,977.3556
801247403,3,977.3369
801247434,3,977.3454
801247465,3,977.35504
801247497,3,977.34705
801247528,3,977.3758
801247559,3,977.44885
801247590,3,977.45734
801247622,3,977.43555
801247653,3,977.44037
801247684,3,977.41425
801247715,3,977.4158
801247747,3,977.4467
801247778,3,977.4692
801247809,3,977.4665
801247840,3,977.4622
801247872,3,977.474
801247903,3,977.474
801247934,3,977.4622
801247965,3,977.482
801247997,3,977.4644
801248028,3,977.43445
801248059,3,977.4275
801248090,3,977.40985
801248122,3,977.40137
801248153,3,977.41315
801248184,3,977.3902
801248215,3,977.3987
801248247,3,977.4126
801248278,3,977.4093
801248309,3,977.40735
801248340,3,977.40735
801248372,3,977.3987
801248403,3,977.4216
801248434,3,977.43176
801248465,3,977.4147
801248497,3,977.4179
801248528,3,977.4062
801248559,3,977.4179
801248590,3,977.4216
801248622,3,977.40985
801248653,3,977.42694
801248684,3,977.42487
801248715,3,977.4264
801248747,3,977.40735
801248778,3,977.40137
801248809,3,977.3987
801248840,3,977.3789
801248872,3,977.3672
801248903,3,977.3662
801248934,3,977.3758
801248965,3,977.3672
801248997,3,977.388
801249028,3,977.40454
801249059,3,977.4127
801249090,3,977.4138
801249122,3,977.4112
801249153,3,977.4069
801249184,3,977.39685
801249215,3,977.4011
801249247,3,977.4208
801249278,3,977.4213
801249309,3,977.40955
801249340,3,977.3782
801249372,3,977.3526
801249403,3,977.3403
801249434,3,977.3174
801249465,3,977.34985
801249497,3,977.3728
801249528,3,977.3664
801249559,3,977.3376
801249590,3,977.32367
801249622,3,977.3334
801249653,3,977.3573
801249684,3,977.361
801249715,3,977.3541
801249747,3,977.3713
801249778,3,977.3728
801249809,3,977.34924
801249840,3,977.3392
801249872,3,977.3403
801249903,3,977.30035
801249934,3,977.281
801249965,3,977.25116
801249997,3,977.26984
801250028,3,977.26984
801250059,3,977.24854
801250090,3,977.27234
801250122,3,977.2707
801250153,3,977.2527
801250184,3,977.2494
801250215,3,977.2633
801250247,3,977.28827
801250278,3,977.28033
801250309,3,977.28564
801250340,3,977.27234
801250372,3,977.28564
801250403,3,977.28296
801250434,3,977.28564
801250465,3,977.30115
801250497,3,977.3054
801250528,3,977.2979
801250559,3,977.31067
801250590,3,977.31067
801250622,3,977.3
801250653,3,977.3122
801250684,3,977.3122
801250715,3,977.3043
801250747,3,977.32135
801250778,3,977.3299
801250809,3,977.33734
801250840,3,977.34265
801250872,3,977.3432
801250903,3,977.3294
801250934,3,977.35016
801250965,3,977.3417
801250997,3,977.3273
801251028,3,977.3432
801251059,3,977.33527
801251090,3,977.3518
801251122,3,977.35016
801251153,3,977.34644
801251184,3,977.34375
801251215,3,977.3624
801251247,3,977.35016
801251278,3,977.3357
801251309,3,977.3177
801251340,3,977.2787
801251372,3,977.2713
801251403,3,977.24884
801251434,3,977.2637
801251465,3,977.23975
801251497,3,977.2371
801251528,3,977.2521
801251559,3,977.2494
801251590,3,977.2382
801251622,3,977.24884
801251653,3,977.27014
801251684,3,977.2627
801251715,3,977.26807
801251747,3,977.2574
801251778,3,977.24457
801251809,3,977.2334
801251841,3,977.2312
801251872,3,977.2323
801251903,3,977.19977
801251934,3,977.1981
801251965,3,977.17255
801251997,3,977.14105
801252028,3,977.1571
801252059,3,977.1651
801252090,3,977.1746
801252122,3,977.1797
801252153,3,977.2016
801252184,3,977.2079
801252215,3,977.2016
801252247,3,977.1956
801252278,3,977.1876
801252309,3,977.1835
801252340,3,977.17804
801252372,3,977.1738
801252403,3,977.1988
801252434,3,977.1685
801252465,3,977.1727
801252497,3,977.17596
801252528,3,977.17224
801252560,3,977.2042
801252590,3,977.21387
801252622,3,977.185
801252653,3,977.1947
801252684,3,977.1712
801252715,3,977.15894
801252747,3,977.1685
801252778,3,977.1514
801252809,3,977.1573
801252840,3,977.16956
801252872,3,977.1712
801252903,3,977.1988
801252934,3,977.2042
801252965,3,977.224
801252997,3,977.24316
801253028,3,977.21277
801253059,3,977.21387
801253090,3,977.2368
801253122,3,977.20465
801253153,3,977.2237
801253184,3,977.20087
801253215,3,977.20197
801253247,3,977.2237
801253278,3,977.282
801253309,3,977.5459
801253340,3,977.7985
801253372,3,977.90894
801253403,3,978.0587
801253434,3,977.93134
801253465,3,977.9014
801253497,3,978.03577
801253528,3,978.0885
801253559,3,977.9777
801253590,3,977.8002
801253622,3,977.6914
801253653,3,977.3944
801253684,3,977.2504
801253715,3,977.28564
801253747,3,977.3325
801253778,3,977.45197
801253809,3,977.57465
801253840,3,977.45306
801253872,3,977.2184
801253903,3,977.2067
801253934,3,977.0158
801253965,3,976.8152
801253997,3,976.79803
801254028,3,976.78687
801254059,3,976.9449
801254090,3,977.02374
801254122,3,977.0101
801254153,3,977.11774
801254184,3,977.20416
801254215,3,977.281
801254247,3,977.1807
801254278,3,977.0393
801254309,3,977.05005
801254340,3,977.0788
801254372,3,977.08954
801254403,3,977.07245
801254434,3,977.0762
801254465,3,977.10126
801254497,3,977.1183
801254528,3,977.1333
801254559,3,977.20526
801254590,3,977.22125
801254622,3,977.21
801254653,3,977.2489
801254684,3,977.2474
801254715,3,977.1327
801254747,3,977.01685
801254778,3,977.0729
801254809,3,977.1146
801254840,3,977.1226
801254872,3,977.21277
801254903,3,977.25165
801254934,3,977.1109
801254965,3,977.0217
801254997,3,976.9833
801255028,3,976.98865
801255059,3,976.9919
801255090,3,977.00256
801255122,3,977.0089
801255153,3,977.029
801255184,3,977.0472
801255215,3,977.0787
801255247,3,977.0787
801255278,3,977.0984
801255309,3,977.1192
801255340,3,977.15546
801255372,3,977.15924
801255403,3,977.2136
801255434,3,977.21265
801255465,3,977.2232
801255497,3,977.1944
801255528,3,977.2019
801255559,3,977.2274
801255590,3,977.2407
801255622,3,977.2344
801255653,3,977.2377
801255684,3,977.2397
801255715,3,977.1864
801255747,3,977.15924
801255778,3,977.15704
801255809,3,977.1464
801255840,3,977.1453
801255872,3,977.15924
801255903,3,977.1672
801255934,3,977.16174
801255965,3,977.16077
801255997,3,977.13995
801256028,3,977.15814
801256059,3,977.18744
801256090,3,977.18744
801256122,3,977.1891
801256153,3,977.2039
801256184,3,977.21405
801256215,3,977.20764
801256247,3,977.221
801256278,3,977.2179
801256309,3,977.20764
801256340,3,977.213
801256372,3,977.2189
801256403,3,977.21625
801256434,3,977.2189
801256465,3,977.2066
801256497,3,977.2066
801256528,3,977.2226
801256559,3,977.2247
801256591,3,977.2263
801256622,3,977.2183
801256653,3,977.22845
801256684,3,977.2386
801256715,3,977.3255
801256747,3,977.3671
801256778,3,977.32605
801256809,3,977.2669
801256840,3,977.30475
801256872,3,977.34424
801256903,3,977.34955
801256934,3,977.3079
801256965,3,977.2945
801256997,3,977.28613
801257028,3,977.28345
801257059,3,977.28546
801257090,3,977.2882
801257122,3,977.2935
801257153,3,977.2845
801257184,3,977.2711
801257215,3,977.2652
801257247,3,977.25885
801257278,3,977.27844
801257309,3,977.334
801257340,3,977.37665
801257372,3,977.3677
801257403,3,977.3244
801257434,3,977.2844
801257465,3,977.2919
801257497,3,977.2854
801257528,3,977.28015
801257560,3,977.2252
801257590,3,977.21027
801257622,3,977.1607
801257653,3,977.17346
801257684,3,977.15155
801257715,3,977.167
801257747,3,977.1436
801257778,3,977.14514
801257809,3,977.14307
801257840,3,977.1398
801257872,3,977.1436
801257903,3,977.16815
801257934,3,977.167
801257965,3,977.1826
801257997,3,977.173
801258028,3,977.1799
801258059,3,977.19965
801258090,3,977.17725
801258122,3,977.212
801258153,3,977.2002
801258184,3,977.2778
801258215,3,977.2623
801258247,3,977.2517
801258278,3,977.2511
801258309,3,977.26495
801258340,3,977.28625
801258372,3,977.27405
801258403,3,977.2623
801258434,3,977.2458
801258465,3,977.2271
801258497,3,977.23566
801258528,3,977.26495
801258559,3,977.33154
801258590,3,977.2633
801258622,3,977.2687
801258653,3,977.2692
801258684,3,977.2559
801258715,3,977.2837
801258747,3,977.37476
801258778,3,977.3449
801258809,3,977.3445
801258840,3,977.44635
801258872,3,977.45166
801258903,3,977.3876
801258934,3,977.3076
801258965,3,977.26495
801258997,3,977.2031
801259028,3,977.20416
801259060,3,977.2111
801259090,3,977.20416
801259122,3,977.2069
801259153,3,977.22064
801259184,3,977.19714
801259215,3,977.16235
801259247,3,977.18805
801259278,3,977.1853
801259309,3,977.20337
801259340,3,977.2157
801259372,3,977.2194
801259403,3,977.23065
801259434,3,977.23175
801259465,3,977.29254
801259497,3,977.31647
801259528,3,977.43176
801259559,3,977.5714
801259590,3,977.5709
801259622,3,977.5943
801259653,3,977.6386
801259684,3,977.7063
801259715,3,977.6945
801259747,3,977.66205
801259778,3,977.6721
801259809,3,977.51697
801259840,3,977.3228
801259872,3,977.2067
801259903,3,977.11707
801259934,3,977.1059
801259965,3,977.07495
801259997,3,977.0546
801260028,3,977.04877
801260059,3,977.0893
801260090,3,977.1111
801260122,3,977.13464
801260153,3,977.0839
801260184,3,977.0546
801260215,3,977.0748
801260247,3,977.08923
801260278,3,977.1186
801260309,3,977.1165
801260340,3,977.1383
801260372,3,977.14105
801260403,3,977.164
801260434,3,977.19055
801260465,3,977.1826
801260497,3,977.197
801260528,3,977.2386
801260559,3,977.2312
801260590,3,977.20984
801260622,3,977.2312
801260653,3,977.2333
801260684,3,977.2722
801260715,3,977.2722
801260747,3,977.2946
801260778,3,977.33563
801260809,3,977.349
801260840,3,977.3064
801260872,3,977.2882
801260903,3,977.2946
801260934,3,977.27057
801260965,3,977.3186
801260997,3,977.3064
801261028,3,977.2866
801261059,3,977.3026
801261090,3,977.3458
801261122,3,977.3453
801261153,3,977.3394
801261184,3,977.3079
801261215,3,977.29987
801261247,3,977.2681
801261278,3,977.2837
801261309,3,977.29065
801261340,3,977.3301
801261372,3,977.337
801261403,3,977.3039
801261434,3,977.29706
801261465,3,977.35297
801261497,3,977.3956
801261528,3,977.3995
801261559,3,977.44257
801261590,3,977.34656
801261622,3,977.2954
801261653,3,977.3017
801261684,3,977.34595
801261715,3,977.39185
801261747,3,977.42444
801261778,3,977.3744
801261809,3,977.3066
801261840,3,977.305
801261872,3,977.33057
801261903,3,977.36426
801261934,3,977.3888
801261965,3,977.37054
801261997,3,977.28204
801262028,3,977.2485
801262059,3,977.2623
801262090,3,977.28467
801262122,3,977.2628
801262153,3,977.2954
801262184,3,977.3429
801262215,3,977.3088
801262247,3,977.22797
801262278,3,977.24133
801262310,3,977.28986
801262340,3,977.3544
801262372,3,977.36346
801262403,3,977.30383
801262434,3,977.27496
801262465,3,977.28186
801262497,3,977.3966
801262528,3,977.46906
801262559,3,977.4466
801262590,3,977.43494
801262622,3,977.4376
801262653,3,977.4861
801262684,3,977.50275
801262715,3,977.4989
801262747,3,977.49835
801262778,3,977.44885
801262809,3,977.4659
801262840,3,977.3641
801262872,3,977.3219
801262903,3,977.2771
801262934,3,977.38
801262965,3,977.3842
801262997,3,977.3795
801263028,3,977.39545
801263060,3,977.39545
801263090,3,977.21893
801263122,3,977.1299
801263153,3,977.07074
801263184,3,977.00134
801263215,3,977.00714
801263247,3,977.0575
801263278,3,977.04626
801263309,3,977.0575
801263340,3,977.08527
801263372,3,977.1193
801263403,3,977.1098
801263434,3,977.04626
801263465,3,977.0928
801263497,3,977.0986
801263528,3,977.1007
801263559,3,977.074
801263590,3,977.1283
801263622,3,977.1327
801263653,3,977.11566
801263684,3,977.0986
801263715,3,977.12317
801263747,3,977.1406
801263778,3,977.1135
801263809,3,977.10864
801263840,3,977.1135
801263872,3,977.12994
801263903,3,977.0996
801263934,3,977.0883
801263965,3,977.11664
801263997,3,977.1283
801264028,3,977.16895
801264059,3,977.1961
801264090,3,977.2383
801264122,3,977.28424
801264153,3,977.2564
801264184,3,977.2479
801264215,3,977.2655
801264247,3,977.23566
801264278,3,977.21497
801264309,3,977.21747
801264340,3,977.1899
801264372,3,977.2016
801264403,3,977.21387
801264434,3,977.1904
801264465,3,977.16315
801264497,3,977.14453
801264528,3,977.18774
801264560,3,977.21497
801264590,3,977.2623
801264622,3,977.2746
801264653,3,977.2934
801264684,3,977.2684
801264715,3,977.2613
801264747,3,977.21387
801264778,3,977.16425
801264809,3,977.15405
801264840,3,977.1269
801264872,3,977.1216
801264903,3,977.1216
801264934,3,977.1317
801264965,3,977.12103
801264997,3,977.13385
801265028,3,977.1285
801265060,3,977.1386
801265090,3,977.1269
801265122,3,977.1355
801265153,3,977.1579
801265184,3,977.1776
801265215,3,977.18555
801265247,3,977.1776
801265278,3,977.1905
801265309,3,977.1777
801265340,3,977.1734
801265372,3,977.16064
801265403,3,977.16064
801265434,3,977.159
801265465,3,977.1787
801265497,3,977.1953
801265528,3,977.192
801265559,3,977.1984
801265590,3,977.2374
801265622,3,977.2449
801265653,3,977.2475
801265684,3,977.2475
801265715,3,977.2358
801265747,3,977.2294
801265778,3,977.19476
801265809,3,977.19574
801265840,3,977.1707
801265872,3,977.20386
801265903,3,977.19476
801265934,3,977.19476
801265965,3,977.1984
801265997,3,977.20807
801266028,3,977.2246
801266059,3,977.16534
801266090,3,977.1749
801266122,3,977.1814
801266153,3,977.18665
801266184,3,977.20483
801266215,3,977.1894
801266247,3,977.19366
801266278,3,977.2012
801266309,3,977.21106
801266340,3,977.19934
801266372,3,977.19934
801266403,3,977.20886
801266434,3,977.20197
801266465,3,977.2142
801266497,3,977.21954
801266528,3,977.2222
801266559,3,977.2259
801266590,3,977.235
801266622,3,977.2435
801266653,3,977.2313
801266684,3,977.1828
801266715,3,977.1715
801266747,3,977.1774
801266778,3,977.1811
801266809,3,977.18
801266841,3,977.1838
801266872,3,977.2041
801266903,3,977.20886
801266934,3,977.2132
801266965,3,977.2132
801266997,3,977.2062
801267028,3,977.26056
801267060,3,977.3032
801267090,3,977.2814
801267122,3,977.2463
801267153,3,977.24194
801267184,3,977.235
801267215,3,977.1928
801267247,3,977.24774
801267278,3,977.3273
801267309,3,977.33923
801267340,3,977.3184
801267372,3,977.21545
801267403,3,977.1611
801267434,3,977.1424
801267465,3,977.1601
801267497,3,977.18353
801267528,3,977.20483
801267559,3,977.2725
801267591,3,977.3548
801267622,3,977.34827
801267653,3,977.3579
801267684,3,977.2641
801267715,3,977.20056
801267747,3,977.1915
801267778,3,977.19366
801267809,3,977.2134
801267841,3,977.33344
801267872,3,977.38947
801267903,3,977.43524
801267934,3,977.5035
801267965,3,977.50305
801267997,3,977.4502
801268028,3,977.3959
801268059,3,977.36597
801268090,3,977.4614
801268122,3,977.5035
801268153,3,977.42676
801268184,3,977.41455
801268215,3,977.4587
801268247,3,977.34827
801268278,3,977.3126
801268309,3,977.18134
801268340,3,977.0784
801268372,3,977.01324
801268403,3,977.1147
801268434,3,977.17236
801268465,3,977.151
801268497,3,977.192
801268528,3,977.1761
801268559,3,977.151
801268590,3,977.17926
801268622,3,977.1456
801268653,3,977.1851
801268684,3,977.1398
801268715,3,977.0987
801268747,3,977.1094
801268778,3,977.2843
801268809,3,977.32385
801268840,3,977.20917
801268872,3,977.222
801268903,3,977.2971
801268934,3,977.21765
801268965,3,977.1568
801268997,3,977.13074
801269028,3,977.151
801269059,3,977.151
801269090,3,977.151
801269122,3,977.1851
801269153,3,977.19635
801269184,3,977.1766
801269215,3,977.1958
801269247,3,977.1788
801269278,3,977.18726
801269309,3,977.19257
801269340,3,977.2037
801269372,3,977.1935
801269403,3,977.2052
801269434,3,977.21
801269465,3,977.2111
801269497,3,977.21643
801269528,3,977.21533
801269559,3,977.21796
801269590,3,977.22394
801269622,3,977.2048
801269653,3,977.2319
801269684,3,977.21
801269715,3,977.21
801269747,3,977.2394
801269778,3,977.2287
801269809,3,977.217
801269840,3,977.21
801269872,3,977.21906
801269903,3,977.22614
801269934,3,977.2341
801269965,3,977.2276
801269997,3,977.2341
801270028,3,977.2245
801270059,3,977.23676
801270090,3,977.2383
801270122,3,977.21277
801270153,3,977.2394
801270184,3,977.2383
801270215,3,977.2458
801270247,3,977.23035
801270278,3,977.2276
801270309,3,977.21277
801270340,3,977.2345
801270372,3,977.22644
801270403,3,977.2287
801270434,3,977.2462
801270465,3,977.2259
801270497,3,977.22485
801270528,3,977.2419
801270559,3,977.2382
801270590,3,977.22107
801270622,3,977.2382
801270653,3,977.2142
801270684,3,977.2259
801270715,3,977.2206
801270747,3,977.2142
801270778,3,977.2206
801270809,3,977.203
801270841,3,977.2345
801270872,3,977.2407
801270903,3,977.23395
801270934,3,977.2371
801270965,3,977.23016
801270997,3,977.23016
801271028,3,977.2377
801271059,3,977.2558
801271090,3,977.24457
801271122,3,977.2323
801271153,3,977.2407
801271184,3,977.22485
801271215,3,977.2259
801271247,3,977.2313
801271278,3,977.22644
801271309,3,977.2259
801271340,3,977.2435
801271372,3,977.2191
801271403,3,977.2186
801271434,3,977.23944
801271465,3,977.23035
801271497,3,977.22394
801271528,3,977.2346
801271560,3,977.2378
801271590,3,977.23035
801271622,3,977.24744
801271653,3,977.2517
801271684,3,977.2464
801271715,3,977.23944
801271747,3,977.23944
801271778,3,977.2464
801271810,3,977.2346
801271840,3,977.2341
801271872,3,977.24475
801271903,3,977.2117
801271934,3,977.24744
801271965,3,977.2421
801271997,3,977.22235
801272028,3,977.2251
801272059,3,977.23035
801272090,3,977.21594
801272122,3,977.22614
801272153,3,977.2357
801272184,3,977.23676
801272215,3,977.24744
801272247,3,977.22235
801272278,3,977.2144
801272309,3,977.23944
801272340,3,977.2421
801272372,3,977.2158
801272403,3,977.22546
801272434,3,977.2158
801272465,3,977.19977
801272497,3,977.2174
801272528,3,977.2041
801272559,3,977.1929
801272590,3,977.2052
801272622,3,977.21155
801272653,3,977.20465
801272684,3,977.2004
801272715,3,977.2014
801272747,3,977.19025
801272778,3,977.1764
801272809,3,977.1764
801272841,3,977.18384
801272872,3,977.19025
801272903,3,977.155
801272934,3,977.1737
801272965,3,977.17535
801272997,3,977.171
801273028,3,977.162
801273060,3,977.1684
801273091,3,977.1764
801273122,3,977.155
801273153,3,977.1737
801273184,3,977.1802
801273215,3,977.1764
801273247,3,977.178
801273278,3,977.17535
801273309,3,977.17847
801273340,3,977.18915
801273372,3,977.1833
801273403,3,977.1746
801273434,3,977.1746
801273465,3,977.172
801273497,3,977.17035
801273528,3,977.1746
801273559,3,977.17676
801273590,3,977.1885
801273622,3,977.173
801273653,3,977.1964
801273684,3,977.17566
801273715,3,977.1826
801273747,3,977.1847
801273778,3,977.1836
801273809,3,977.1794
801273840,3,977.19696
801273872,3,977.17993
801273903,3,977.1816
801273934,3,977.19495
801273965,3,977.2002
801273997,3,977.1788
801274028,3,977.19275
801274059,3,977.189
801274090,3,977.19116
801274122,3,977.18317
801274153,3,977.1964
801274184,3,977.18524
801274215,3,977.1826
801274247,3,977.18414
801274278,3,977.18414
801274309,3,977.1788
801274340,3,977.18524
801274372,3,977.20233
801274403,3,977.1875
801274434,3,977.1976
801274465,3,977.2029
801274497,3,977.1922
801274528,3,977.1965
801274560,3,977.18317
801274590,3,977.19495
801274622,3,977.1816
801274653,3,977.19165
801274684,3,977.19165
801274715,3,977.197
801274747,3,977.1976
801274778,3,977.19275
801274809,3,977.1922
801274840,3,977.1768
801274872,3,977.2067
801274903,3,977.1933
801274934,3,977.2084
801274965,3,977.2013
801274997,3,977.20935
801275028,3,977.2067
801275059,3,977.221
801275090,3,977.2067
801275122,3,977.1981
801275153,3,977.1965
801275184,3,977.20557
801275215,3,977.1981
801275247,3,977.19867
801275278,3,977.2135
801275309,3,977.2135
801275340,3,977.20935
801275372,3,977.20447
801275403,3,977.211
801275434,3,977.1988
801275465,3,977.19977
801275497,3,977.2174
801275528,3,977.2111
801275559,3,977.1983
801275591,3,977.2106
801275622,3,977.20465
801275653,3,977.20575
801275684,3,977.20465
801275715,3,977.2089
801275747,3,977.2154
801275778,3,977.2089
801275809,3,977.21906
801275840,3,977.2089
801275872,3,977.2089
801275903,3,977.2154
801275934,3,977.2089
801275965,3,977.2174
801275997,3,977.202
801276028,3,977.2154
801276059,3,977.2169
801276090,3,977.20465
801276122,3,977.22345
801276153,3,977.2089
801276184,3,977.2251
801276215,3,977.2276
801276247,3,977.2117
801276278,3,977.21796
801276309,3,977.2074
801276340,3,977.21906
801276372,3,977.2313
801276403,3,977.202
801276434,3,977.21
801276465,3,977.21954
801276497,3,977.233
801276528,3,977.22595
801276559,3,977.2383
801276590,3,977.22595
801276622,3,977.24194
801276653,3,977.2276
801276684,3,977.2227
801276715,3,977.24664
801276747,3,977.2371
801276778,3,977.243
801276809,3,977.2463
801276840,3,977.2383
801276872,3,977.2313
801276903,3,977.24097
801276934,3,977.244
801276965,3,977.2356
801276997,3,977.23663
801277028,3,977.23773
801277059,3,977.23773
801277090,3,977.23773
801277122,3,977.24194
801277153,3,977.2334
801277184,3,977.243
801277215,3,977.2474
801277247,3,977.25214
801277278,3,977.2436
801277309,3,977.24097
801277341,3,977.25214
801277372,3,977.23663
801277403,3,977.24194
801277434,3,977.2569
801277465,3,977.2636
801277497,3,977.2545
801277528,3,977.24713
801277559,3,977.262
801277590,3,977.2418
801277622,3,977.24713
801277653,3,977.2391
801277684,3,977.2366
801277715,3,977.27264
801277747,3,977.2599
801277778,3,977.2418
801277809,3,977.2536
801277840,3,977.24817
801277872,3,977.24817
801277903,3,977.2609
801277934,3,977.2402
801277965,3,977.2455
801277997,3,977.24445
801278028,3,977.2366
801278059,3,977.2366
801278090,3,977.2536
801278122,3,977.2321
801278153,3,977.2354
801278184,3,977.238
801278215,3,977.2354
801278247,3,977.2486
801278278,3,977.2366
801278309,3,977.25134
801278340,3,977.2428
801278372,3,977.2418
801278403,3,977.2439
801278434,3,977.2428
801278465,3,977.2379
801278497,3,977.2555
801278528,3,977.23737
801278559,3,977.2502
801278590,3,977.24695
801278622,3,977.23413
801278653,3,977.232
801278684,3,977.2368
801278715,3,977.23303
801278747,3,977.23737
801278778,3,977.24695
801278809,3,977.2528
801278840,3,977.24054
801278872,3,977.24164
801278903,3,977.24164
801278934,3,977.2512
801278965,3,977.24054
801278997,3,977.23413
801279028,3,977.239
801279059,3,977.23413
801279090,3,977.2347
801279122,3,977.24426
801279153,3,977.2524
801279184,3,977.2524
801279215,3,977.24585
801279247,3,977.2412
801279278,3,977.24695
801279309,3,977.24695
801279340,3,977.24054
801279372,3,977.2496
801279403,3,977.2544
801279434,3,977.2496
801279465,3,977.24664
801279497,3,977.25024
801279528,3,977.2492
801279559,3,977.2594
801279590,3,977.2594
801279622,3,977.2322
801279653,3,977.2567
801279684,3,977.2594
801279715,3,977.2413
801279747,3,977.25464
801279778,3,977.2413
801279809,3,977.2604
801279840,3,977.24664
801279872,3,977.2567
801279903,3,977.2492
801279934,3,977.2579
801279965,3,977.2579
801279997,3,977.24976
801280028,3,977.25525
801280059,3,977.2669
801280090,3,977.27655
801280122,3,977.25024
801280153,3,977.2631
801280184,3,977.2604
801280215,3,977.2579
801280247,3,977.27655
801280278,3,977.2658
801280309,3,977.25024
801280340,3,977.2722
801280372,3,977.2541
801280403,3,977.2402
801280434,3,977.2402
801280465,3,977.2514
801280497,3,977.2386
801280528,3,977.2193
801280559,3,977.22577
801280591,3,977.23755
801280622,3,977.231
801280653,3,977.213
801280684,3,977.19543
801280715,3,977.2193
801280747,3,977.214
801280778,3,977.21246
801280809,3,977.22205
801280840,3,977.2279
801280872,3,977.2193
801280903,3,977.205
801280934,3,977.22253
801280965,3,977.23004
801280997,3,977.2039
801281028,3,977.207
801281059,3,977.2086
801281090,3,977.214
801281122,3,977.21564
801281153,3,977.1969
801281184,3,977.2092
801281215,3,977.1889
801281247,3,977.2055
801281278,3,977.18945
801281309,3,977.18994
801281340,3,977.19543
801281372,3,977.1889
801281403,3,977.19055
801281434,3,977.1889
801281465,3,977.18567
801281497,3,977.18884
801281528,3,977.19525
801281559,3,977.192
801281590,3,977.183
801281622,3,977.1883
801281653,3,977.1984
801281684,3,977.1799
801281715,3,977.173
801281747,3,977.1718
801281778,3,977.1931
801281809,3,977.1958
801281840,3,977.18353
801281872,3,977.207
801281903,3,977.21387
801281934,3,977.2096
801281965,3,977.1909
801281997,3,977.1974
801282028,3,977.19635
801282059,3,977.2022
801282090,3,977.1958
801282122,3,977.18774
801282153,3,977.192
801282184,3,977.19635
801282215,3,977.1915
801282247,3,977.1814
801282278,3,977.1989
801282309,3,977.2075
801282340,3,977.1931
801282372,3,977.2027
801282403,3,977.21124
801282434,3,977.19525
801282465,3,977.21387
801282497,3,977.1909
801282528,3,977.2145
801282559,3,977.2081
801282590,3,977.192
801282622,3,977.19635
801282653,3,977.192
801282684,3,977.2097
801282715,3,977.19104
801282747,3,977.192
801282778,3,977.2086
801282809,3,977.19745
801282840,3,977.19366
801282872,3,977.1894
801282903,3,977.2022
801282934,3,977.1943
801282965,3,977.18994
801282997,3,977.19476
801283028,3,977.1782
801283059,3,977.18726
801283090,3,977.1969
801283122,3,977.1969
801283153,3,977.1799
801283184,3,977.19366
801283215,3,977.18774
801283247,3,977.19635
801283278,3,977.1782
801283309,3,977.2076
801283340,3,977.20483
801283372,3,977.19635
801283403,3,977.1868
801283434,3,977.2
801283465,3,977.192
801283497,3,977.19635
801283528,3,977.183
801283559,3,977.183
801283590,3,977.1925
801283622,3,977.1835
801283653,3,977.1883
801283684,3,977.216
801283715,3,977.19104
801283747,3,977.207
801283778,3,977.2
801283809,3,977.1925
801283840,3,977.2038
801283872,3,977.2043
801283903,3,977.21234
801283934,3,977.21765
801283965,3,977.21234
801283997,3,977.21924
801284028,3,977.21234
801284059,3,977.2241
801284090,3,977.2091
801284122,3,977.207
801284153,3,977.2027
801284184,3,977.184
801284215,3,977.2215
801284247,3,977.2187
801284278,3,977.2315
801284309,3,977.21497
801284340,3,977.216
801284372,3,977.22675
801284403,3,977.216
801284434,3,977.2118
801284465,3,977.21234
801284497,3,977.22296
801284528,3,977.22675
801284559,3,977.22986
801284590,3,977.23517
801284622,3,977.24475
801284653,3,977.25116
801284684,3,977.2421
801284715,3,977.24744
801284747,3,977.2496
801284778,3,977.241
801284809,3,977.2346
801284840,3,977.26025
801284872,3,977.24475
801284903,3,977.2469
801284934,3,977.23566
801284965,3,977.23566
801284997,3,977.2394
801285028,3,977.2294
801285059,3,977.23566
801285091,3,977.2501
801285122,3,977.2421
801285153,3,977.25494
801285184,3,977.2522
801285215,3,977.24475
801285247,3,977.23676
801285278,3,977.2421
801285309,3,977.2438
801285340,3,977.2421
801285372,3,977.24
801285403,3,977.2501
801285434,3,977.2335
801285465,3,977.2544
801285497,3,977.2394
801285528,3,977.2335
801285559,3,977.2391
801285590,3,977.23376
801285622,3,977.2402
801285653,3,977.2333
801285684,3,977.24817
801285715,3,977.23804
801285747,3,977.23535
801285778,3,977.2455
801285809,3,977.23376
801285840,3,977.23535
801285872,3,977.2273
801285903,3,977.2273
801285934,3,977.23376
801285965,3,977.2486
801285997,3,977.2349
801286028,3,977.2402
801286059,3,977.23267
801286090,3,977.23755
801286122,3,977.2333
801286153,3,977.2428
801286184,3,977.2183
801286215,3,977.22565
801286247,3,977.21674
801286278,3,977.2273
801286309,3,977.21136
801286341,3,977.2199
801286372,3,977.2301
801286403,3,977.23535
801286434,3,977.23804
801286465,3,977.2252
801286497,3,977.21936
801286528,3,977.22095
801286560,3,977.2337
801286590,3,977.2385
801286622,3,977.2348
801286653,3,977.2363
801286684,3,977.23004
801286715,3,977.2311
801286747,3,977.2423
801286778,3,977.2246
801286809,3,977.22034
801286840,3,977.238
801286872,3,977.22565
801286903,3,977.206
801286934,3,977.2178
801286965,3,977.21124
801286997,3,977.214
801287028,3,977.23206
801287059,3,977.23535
801287090,3,977.2273
801287122,3,977.23206
801287153,3,977.23315
801287184,3,977.2407
801287215,3,977.22894
801287247,3,977.22296
801287278,3,977.2167
801287309,3,977.2391
801287340,3,977.2348
801287372,3,977.21124
801287403,3,977.2178
801287434,3,977.21124
801287465,3,977.2342
801287497,3,977.2156
801287528,3,977.23004
801287559,3,977.21295
801287590,3,977.23596
801287622,3,977.22577
801287653,3,977.2472
801287684,3,977.23157
801287715,3,977.2263
801287747,3,977.2525
801287778,3,977.2248
801287810,3,977.2424
801287840,3,977.2263
801287872,3,977.2461
801287903,3,977.2273
801287934,3,977.2327
801287965,3,977.21936
801287997,3,977.21674
801288028,3,977.2322
801288059,3,977.21936
801288090,3,977.2263
801288122,3,977.2273
801288153,3,977.2429
801288184,3,977.21936
801288215,3,977.20984
801288247,3,977.221
801288278,3,977.22955
801288309,3,977.2424
801288340,3,977.23804
801288372,3,977.2237
801288403,3,977.23804
801288434,3,977.21936
801288465,3,977.21936
801288497,3,977.2279
801288528,3,977.23804
801288559,3,977.2301
801288590,3,977.24023
801288622,3,977.23706
801288653,3,977.22205
801288684,3,977.2322
801288715,3,977.2205
801288747,3,977.211
801288778,3,977.21625
801288809,3,977.24347
801288840,3,977.22894
801288872,3,977.22845
801288903,3,977.21625
801288934,3,977.2232
801288965,3,977.2066
801288997,3,977.2248
801289028,3,977.20874
801289059,3,977.22894
801289090,3,977.2153
801289122,3,977.2179
801289153,3,977.22955
801289184,3,977.2082
801289215,3,977.2082
801289247,3,977.2243
801289278,3,977.2082
801289309,3,977.205
801289340,3,977.2082
801289372,3,977.1976
801289403,3,977.2024
801289434,3,977.204
801289465,3,977.2082
801289497,3,977.20026
801289528,3,977.1923
801289559,3,977.19116
801289590,3,977.1965
801289622,3,977.1961
801289653,3,977.19525
801289684,3,977.1807
801289715,3,977.1824
801289747,3,977.1839
801289778,3,977.1835
801289809,3,977.1824
801289841,3,977.15894
801289872,3,977.1529
801289903,3,977.1486
801289934,3,977.16364
801289965,3,977.16364
801289997,3,977.14496
801290028,3,977.1417
801290059,3,977.1529
801290090,3,977.1679
801290122,3,977.17804
801290153,3,977.1807
801290184,3,977.1529
801290215,3,977.18713
801290247,3,977.18494
801290278,3,977.1679
801290309,3,977.193
801290340,3,977.18976
801290372,3,977.1824
801290403,3,977.1892
801290434,3,977.1835
801290465,3,977.16846
801290497,3,977.17804
801290528,3,977.19525
801290560,3,977.1711
801290590,3,977.18823
801290622,3,977.1886
801290653,3,977.18805
801290684,3,977.205
801290715,3,977.1896
801290747,3,977.1923
801290778,3,977.1988
801290809,3,977.1886
801290840,3,977.1789
801290872,3,977.16675
801290903,3,977.1886
801290934,3,977.1832
801290965,3,977.18164
801290997,3,977.1875
801291028,3,977.18164
801291059,3,977.1992
801291090,3,977.195
801291122,3,977.18054
801291153,3,977.18805
801291184,3,977.18164
801291215,3,977.1832
801291247,3,977.1886
801291278,3,977.1875
801291309,3,977.2056
801291340,3,977.2003
801291372,3,977.18164
801291403,3,977.18164
801291434,3,977.1789
801291465,3,977.1789
801291497,3,977.18805
801291528,3,977.19116
801291559,3,977.1944
801291591,3,977.1928
801291622,3,977.1928
801291653,3,977.1828
801291684,3,977.19354
801291715,3,977.1881
801291747,3,977.1818
801291778,3,977.18066
801291809,3,977.1839
801291840,3,977.2132
801291872,3,977.2048
801291903,3,977.1929
801291934,3,977.18713
801291965,3,977.1881
801291997,3,977.18713
801292028,3,977.1802
801292059,3,977.18066
801292090,3,977.1861
801292122,3,977.18713
801292153,3,977.1988
801292184,3,977.18713
801292215,3,977.178
801292247,3,977.18445
801292278,3,977.17755
801292309,3,977.1802
801292340,3,977.1861
801292372,3,977.19775
801292403,3,977.18713
801292434,3,977.19135
801292465,3,977.21533
801292497,3,977.19244
801292528,3,977.19836
801292559,3,977.19617
801292590,3,977.2025
801292622,3,977.20416
801292653,3,977.19977
801292684,3,977.2041
801292715,3,977.1988
801292747,3,977.195
801292778,3,977.2078
801292809,3,977.19934
801292840,3,977.1955
801292872,3,977.19934
801292903,3,977.1955
801292934,3,977.1871
801292965,3,977.1929
801292997,3,977.203
801293028,3,977.203
801293059,3,977.19934
801293090,3,977.1774
801293122,3,977.1886
801293153,3,977.1988
801293184,3,977.1828
801293215,3,977.19336
801293247,3,977.1833
801293278,3,977.19446
801293309,3,977.20575
801293340,3,977.2004
801293372,3,977.2041
801293403,3,977.219
801293434,3,977.1988
801293465,3,977.19934
801293497,3,977.2041
801293528,3,977.1988
801293559,3,977.19666
801293591,3,977.2201
801293622,3,977.1988
801293653,3,977.2084
801293684,3,977.19275
801293715,3,977.20233
801293747,3,977.2114
801293778,3,977.19006
801293809,3,977.204
801293840,3,977.2082
801293872,3,977.2135
801293903,3,977.2013
801293934,3,977.1976
801293965,3,977.21515
801293997,3,977.2013
801294028,3,977.2184
801294059,3,977.2067
801294090,3,977.1907
801294122,3,977.2082
801294153,3,977.2092
801294184,3,977.22797
801294215,3,977.24335
801294247,3,977.2215
801294278,3,977.2067
801294309,3,977.2322
801294340,3,977.21625
801294372,3,977.2072
801294403,3,977.2248
801294434,3,977.2322
801294465,3,977.2092
801294497,3,977.2343
801294528,3,977.204
801294559,3,977.2199
801294591,3,977.23706
801294622,3,977.2135
801294653,3,977.2092
801294684,3,977.2172
801294715,3,977.22797
801294747,3,977.21515
801294778,3,977.22687
801294809,3,977.2135
801294840,3,977.2135
801294872,3,977.21515
801294903,3,977.22314
801294934,3,977.23065
801294965,3,977.2366
801294997,3,977.23004
801295028,3,977.2366
801295059,3,977.2029
801295091,3,977.2322
801295122,3,977.23157
801295153,3,977.2295
801295184,3,977.21985
801295215,3,977.23065
801295247,3,977.22424
801295278,3,977.2386
801295309,3,977.2482
801295340,3,977.2333
801295372,3,977.22424
801295403,3,977.2349
801295434,3,977.22894
801295465,3,977.21515
801295497,3,977.2226
801295528,3,977.22797
801295560,3,977.2295
801295590,3,977.22894
801295622,3,977.2376
801295653,3,977.2338
801295684,3,977.23206
801295715,3,977.2347
801295747,3,977.2347
801295778,3,977.2167
801295809,3,977.21234
801295840,3,977.24
801295872,3,977.24054
801295903,3,977.2187
801295934,3,977.23254
801295965,3,977.2368
801295997,3,977.22565
801296028,3,977.2268
801296059,3,977.22296
801296090,3,977.20435
801296122,3,977.2309
801296153,3,977.2268
801296184,3,977.24
801296215,3,977.2454
801296247,3,977.2374
801296278,3,977.2368
801296309,3,977.2443
801296341,3,977.2363
801296372,3,977.22034
801296403,3,977.2241
801296434,3,977.2428
801296465,3,977.2213
801296497,3,977.2337
801296528,3,977.2299
801296559,3,977.2508
801296590,3,977.2374
801296622,3,977.2225
801296653,3,977.2213
801296684,3,977.2363
801296715,3,977.2344
801296747,3,977.2344
801296778,3,977.2302
801296809,3,977.2377
801296840,3,977.2382
801296872,3,977.2355
801296903,3,977.2371
801296934,3,977.2291
801296965,3,977.2217
801296997,3,977.2297
801297028,3,977.2237
801297060,3,977.2334
801297090,3,977.2313
801297122,3,977.22705
801297153,3,977.23395
801297184,3,977.24194
801297215,3,977.2307
801297247,3,977.2297
801297278,3,977.23236
801297309,3,977.2217
801297340,3,977.2291
801297372,3,977.2377
801297403,3,977.23236
801297434,3,977.2382
801297465,3,977.2505
801297497,3,977.24774
801297528,3,977.2297
801297560,3,977.2494
801297590,3,977.2313
801297622,3,977.23236
801297653,3,977.2297
801297684,3,977.24304
801297715,3,977.2439
801297747,3,977.2424
801297778,3,977.2382
801297809,3,977.2311
801297840,3,977.22314
801297872,3,977.2274
801297903,3,977.2366
801297934,3,977.22577
801297965,3,977.21936
801297997,3,977.2183
801298028,3,977.2172
801298059,3,977.206
801298090,3,977.1773
801298122,3,977.2029
801298153,3,977.19495
801298184,3,977.19275
801298215,3,977.1804
801298247,3,977.18414
801298278,3,977.17615
801298309,3,977.2013
801298340,3,977.2066
801298372,3,977.1838
801298403,3,977.189
801298434,3,977.1794
801298465,3,977.18304
801298497,3,977.1885
801298528,3,977.1724
801298560,3,977.1778
801298590,3,977.1838
801298622,3,977.1907
801298653,3,977.1778
801298684,3,977.173
801298715,3,977.1645
801298747,3,977.1783
801298778,3,977.1773
801298809,3,977.1645
801298840,3,977.1671
801298872,3,977.1773
801298903,3,977.173
801298934,3,977.1682
801298965,3,977.1661
801298997,3,977.1694
801299028,3,977.1645
801299060,3,977.1682
801299090,3,977.1661
801299122,3,977.1713
801299153,3,977.17615
801299184,3,977.18414
801299215,3,977.1879
801299247,3,977.17346
801299278,3,977.1741
801299309,3,977.1826
801299340,3,977.19006
801299372,3,977.1724
801299403,3,977.189
801299434,3,977.2029
801299465,3,977.1885
801299497,3,977.189
801299528,3,977.18414
801299559,3,977.1816
801299591,3,977.19806
801299622,3,977.1804
801299653,3,977.173
801299684,3,977.189
801299715,3,977.2002
801299747,3,977.1778
801299778,3,977.1794
801299809,3,977.1976
801299840,3,977.19116
801299872,3,977.1885
801299903,3,977.19434
801299934,3,977.1868
801299965,3,977.1933
801299997,3,977.1879
801300028,3,977.2109
801300059,3,977.1986
801300090,3,977.2055
801300122,3,977.20074
801300153,3,977.19806
801300184,3,977.19006
801300215,3,977.1991
801300247,3,977.206
801300278,3,977.19116
801300309,3,977.1938
801300340,3,977.189
801300372,3,977.2029
801300403,3,977.19434
801300434,3,977.19275
801300465,3,977.18304
801300497,3,977.1959
801300528,3,977.189
801300559,3,977.2017
801300590,3,977.1964
801300622,3,977.1778
801300653,3,977.1885
801300684,3,977.189
801300715,3,977.2013
801300747,3,977.1991
801300778,3,977.1804
801300809,3,977.1933
801300840,3,977.20435
801300872,3,977.19214
801300903,3,977.1927
801300934,3,977.1964
801300965,3,977.19806
801300997,3,977.1959
801301028,3,977.1933
801301059,3,977.2013
801301091,3,977.1885
801301122,3,977.20074
801301153,3,977.20233
801301184,3,977.1953
801301215,3,977.1964
801301247,3,977.19965
801301278,3,977.20386
801301310,3,977.19965
801301340,3,977.19055
801301372,3,977.20337
801301403,3,977.2055
801301434,3,977.19965
801301465,3,977.19965
801301497,3,977.2086
801301528,3,977.19806
801301559,3,977.21246
801301590,3,977.2013
801301622,3,977.1938
801301653,3,977.19214
801301684,3,977.19165
801301715,3,977.206
801301747,3,977.21246
801301778,3,977.1991
801301809,3,977.2193
801301840,3,977.2151
801301872,3,977.19635
801301903,3,977.2151
801301934,3,977.2189
801301965,3,977.2193
801301997,3,977.20435
801302028,3,977.19635
801302059,3,977.2146
801302090,3,977.2151
801302122,3,977.198
801302153,3,977.212
801302184,3,977.22845
801302215,3,977.214
801302247,3,977.21246
801302278,3,977.2242
801302309,3,977.21985
801302340,3,977.22363
801302372,3,977.20807
801302403,3,977.22894
801302434,3,977.22955
801302465,3,977.19635
801302497,3,977.2002
801302528,3,977.206
801302559,3,977.2242
801302590,3,977.23755
801302622,3,977.22577
801302653,3,977.2268
801302684,3,977.2279
801302715,3,977.2321
801302747,3,977.223
801302779,3,977.2489
801302809,3,977.2307
801302841,3,977.25635
801302872,3,977.2601
801302903,3,977.2404
801302934,3,977.22815
801302965,3,977.2361
801302997,3,977.2313
801303028,3,977.21313
801303059,3,977.22815
801303090,3,977.2307
801303122,3,977.21643
801303153,3,977.219
801303184,3,977.2148
801303215,3,977.2094
801303247,3,977.2244
801303278,3,977.2287
801303309,3,977.2307
801303340,3,977.2643
801303372,3,977.2746
801303403,3,977.2591
801303434,3,977.2371
801303465,3,977.23773
801303497,3,977.2244
801303528,3,977.22534
801303559,3,977.20575
801303590,3,977.2158
801303622,3,977.2003
801303653,3,977.2307
801303684,3,977.2238
801303715,3,977.21533
801303747,3,977.20575
801303778,3,977.22815
801303809,3,977.2291
801303840,3,977.2104
801303872,3,977.22534
801303903,3,977.2243
801303934,3,977.2371
801303965,3,977.25
801303997,3,977.24036
801304028,3,977.26166
801304059,3,977.25
801304090,3,977.24347
801304122,3,977.24347
801304153,3,977.2745
801304184,3,977.2782
801304215,3,977.2756
801304247,3,977.2664
801304278,3,977.26166
801304309,3,977.26166
801304340,3,977.2718
801304372,3,977.26166
801304403,3,977.3325
801304434,3,977.38
801304465,3,977.284
801304497,3,977.2388
801304528,3,977.23175
801304560,3,977.2345
801304590,3,977.2237
801304622,3,977.23175
801304653,3,977.23175
801304684,3,977.2164
801304715,3,977.2287
801304747,3,977.2104
801304778,3,977.2345
801304809,3,977.2378
801304840,3,977.2225
801304872,3,977.22675
801304903,3,977.2427
801304934,3,977.257
801304965,3,977.2438
801304997,3,977.24585
801305028,3,977.264
801305060,3,977.21173
801305090,3,977.20166
801305122,3,977.2053
801305153,3,977.2027
801305184,3,977.2027
801305215,3,977.2106
801305247,3,977.21387
801305278,3,977.2154
801305309,3,977.1899
801305341,3,977.19305
801305372,3,977.22455
801305403,3,977.2
801305434,3,977.2277
801305465,3,977.22675
801305497,3,977.22675
801305528,3,977.2283
801305559,3,977.2427
801305590,3,977.23145
801305622,3,977.24585
801305653,3,977.26886
801305684,3,977.2485
801305715,3,977.2251
801305747,3,977.22986
801305778,3,977.2384
801305809,3,977.2304
801305840,3,977.2561
801305872,3,977.2615
801305903,3,977.27167
801305934,3,977.2668
801305965,3,977.27057
801305997,3,977.26526
801306028,3,977.25305
801306059,3,977.246
801306090,3,977.2301
801306122,3,977.2642
801306153,3,977.2674
801306184,3,977.23804
801306215,3,977.222
801306247,3,977.2615
801306278,3,977.23804
801306309,3,977.2343
801306340,3,977.25024
801306372,3,977.2668
801306403,3,977.2466
801306434,3,977.22894
801306465,3,977.22894
801306497,3,977.2279
801306528,3,977.21936
801306559,3,977.2263
801306590,3,977.2146
801306622,3,977.23535
801306653,3,977.21936
801306684,3,977.2183
801306715,3,977.2397
801306747,3,977.2514
801306778,3,977.23535
801306809,3,977.221
801306840,3,977.2553
801306872,3,977.2494
801306903,3,977.23236
801306934,3,977.2602
801306965,3,977.2485
801306997,3,977.2527
801307028,3,977.2676
801307059,3,977.25964
801307090,3,977.25476
801307122,3,977.2527
801307153,3,977.2425
801307184,3,977.2602
801307215,3,977.24194
801307247,3,977.25214
801307278,3,977.25
801307309,3,977.24414
801307340,3,977.25476
801307372,3,977.2591
801307403,3,977.2308
801307434,3,977.2388
801307466,3,977.2494
801307497,3,977.2543
801307528,3,977.2371
801307559,3,977.23663
801307590,3,977.2244
801307622,3,977.2297
801307653,3,977.2388
801307684,3,977.23773
801307715,3,977.2291
801307747,3,977.2164
801307778,3,977.2291
801307809,3,977.2244
801307840,3,977.2218
801307872,3,977.2347
801307903,3,977.2421
801307934,3,977.2335
801307965,3,977.2438
801307997,3,977.23737
801308028,3,977.2592
801308059,3,977.2603
801308090,3,977.2416
801308122,3,977.2491
801308153,3,977.2496
801308184,3,977.25183
801308215,3,977.2416
801308247,3,977.2347
801308278,3,977.2335
801308309,3,977.22455
801308340,3,977.2453
801308372,3,977.2427
801308403,3,977.2294
801308434,3,977.23737
801308465,3,977.23737
801308497,3,977.2197
801308528,3,977.23413
801308559,3,977.23413
801308590,3,977.2283
801308622,3,977.2171
801308653,3,977.2262
801308684,3,977.22675
801308715,3,977.21497
801308747,3,977.2213
801308778,3,977.2251
801308809,3,977.22565
801308841,3,977.22565
801308872,3,977.22394
801308903,3,977.23145
801308934,3,977.2373
801308965,3,977.23254
801308997,3,977.2426
801309028,3,977.23773
801309059,3,977.22815
801309090,3,977.24316
801309122,3,977.2602
801309153,3,977.2351
801309184,3,977.2346
801309215,3,977.2438
801309247,3,977.2533
801309278,3,977.23254
801309309,3,977.2533
801309340,3,977.27405
801309372,3,977.27405
801309403,3,977.2623
801309434,3,977.24585
801309465,3,977.2479
801309497,3,977.2602
801309528,3,977.25964
801309559,3,977.2298
801309590,3,977.22656
801309622,3,977.2203
801309653,3,977.21747
801309684,3,977.1995
801309715,3,977.1796
801309747,3,977.1866
801309778,3,977.18713
801309810,3,977.18713
801309840,3,977.1876
801309872,3,977.1721
801309903,3,977.1788
801309934,3,977.1868
801309965,3,977.16595
801309997,3,977.1782
801310028,3,977.1724
801310059,3,977.1782
801310090,3,977.1724
801310122,3,977.173
801310153,3,977.1771
801310184,3,977.1814
801310215,3,977.18884
801310247,3,977.1868
801310278,3,977.17346
801310309,3,977.1788
801310340,3,977.1814
801310372,3,977.1927
801310403,3,977.1847
801310434,3,977.16534
801310465,3,977.16327
801310497,3,977.1756
801310528,3,977.1782
801310560,3,977.1601
801310590,3,977.1782
801310622,3,977.1724
801310653,3,977.1708
801310684,3,977.18994
801310715,3,977.18304
801310747,3,977.1751
801310778,3,977.19104
801310809,3,977.1905
801310840,3,977.18097
801310872,3,977.18097
801310903,3,977.18
801310934,3,977.1853
801310965,3,977.1666
801310997,3,977.17834
801311028,3,977.1923
801311059,3,977.18207
801311090,3,977.1917
801311122,3,977.1897
801311153,3,977.1847
801311184,3,977.18744
801311215,3,977.1923
801311247,3,977.18207
801311278,3,977.1897
801311309,3,977.1853
801311340,3,977.1838
801311372,3,977.19495
801311403,3,977.1917
801311434,3,977.18805
801311465,3,977.1965
801311497,3,977.19385
801311528,3,977.1891
801311559,3,977.1826
801311591,3,977.197
801311622,3,977.1976
801311653,3,977.1917
801311684,3,977.1981
801311715,3,977.1944
801311747,3,977.2061
801311778,3,977.2041
801311809,3,977.1944
801311840,3,977.2194
801311872,3,977.1944
801311903,3,977.2201
801311934,3,977.2277
801311965,3,977.2207
801311997,3,977.2256
801312028,3,977.23517
801312059,3,977.2501
801312090,3,977.24
801312122,3,977.241
801312153,3,977.2404
801312184,3,977.2469
801312215,3,977.2469
801312247,3,977.23566
801312278,3,977.2341
801312309,3,977.2458
801312340,3,977.2458
801312372,3,977.24744
801312403,3,977.2464
801312434,3,977.23566
801312465,3,977.2298
801312497,3,977.23566
801312528,3,977.2298
801312559,3,977.23676
801312590,3,977.2421
801312622,3,977.22876
801312653,3,977.2308
801312684,3,977.2501
801312715,3,977.266
801312747,3,977.2591
801312778,3,977.2501
801312809,3,977.25806
801312840,3,977.25543
801312872,3,977.2597
801312903,3,977.28156
801312934,3,977.25775
801312965,3,977.2695
801312997,3,977.28284
801313028,3,977.2924
801313059,3,977.2739
801313090,3,977.2525
801313122,3,977.2536
801313153,3,977.27
801313184,3,977.27057
801313215,3,977.2563
801313247,3,977.27655
801313278,3,977.2525
801313309,3,977.27057
801313340,3,977.25464
801313372,3,977.2642
801313403,3,977.26794
801313434,3,977.25775
801313465,3,977.2631
801313497,3,977.27
801313528,3,977.25775
801313559,3,977.2605
801313590,3,977.27
801313622,3,977.25775
801313653,3,977.27655
801313684,3,977.25525
801313715,3,977.2658
801313747,3,977.27057
801313778,3,977.27655
801313809,3,977.2882
801313840,3,977.2536
801313872,3,977.2919
801313903,3,977.27594
801313934,3,977.26495
801313965,3,977.2496
801313997,3,977.26495
801314028,3,977.27563
801314059,3,977.2682
801314090,3,977.3189
801314122,3,977.31244
801314153,3,977.31195
801314184,3,977.2709
801314215,3,977.2789
801314247,3,977.2799
801314278,3,977.2698
801314309,3,977.256
801314340,3,977.24414
801314372,3,977.2479
801314403,3,977.2533
801314434,3,977.266
801314465,3,977.2287
801314497,3,977.25433
801314528,3,977.2469
801314559,3,977.25745
801314590,3,977.2527
801314622,3,977.249
801314653,3,977.2564
801314684,3,977.2553
801314715,3,977.2426
801314747,3,977.2602
801314778,3,977.2591
801314809,3,977.25745
801314840,3,977.2709
801314872,3,977.2698
801314903,3,977.2602
801314934,3,977.2772
801314965,3,977.26385
801314997,3,977.2718
801315028,3,977.28516
801315059,3,977.2745
801315090,3,977.30164
801315122,3,977.30817
801315153,3,977.28516
801315184,3,977.2653
801315215,3,977.2547
801315247,3,977.275
801315278,3,977.25104
801315309,3,977.21844
801315340,3,977.23016
801315372,3,977.2249
801315403,3,977.23016
801315434,3,977.2142
801315465,3,977.2227
801315497,3,977.2243
801315528,3,977.2227
801315559,3,977.2158
801315590,3,977.21844
801315622,3,977.2345
801315653,3,977.23987
801315684,3,977.2345
801315715,3,977.24036
801315747,3,977.2595
801315778,3,977.2643
801315809,3,977.2393
801315840,3,977.25165
801315872,3,977.244
801315903,3,977.2547
801315934,3,977.2526
801315965,3,977.2428
801315997,3,977.2433
801316028,3,977.24164
801316059,3,977.25867
801316090,3,977.2347
801316122,3,977.2335
801316153,3,977.2464
801316184,3,977.2225
801316215,3,977.2428
801316247,3,977.2335
801316278,3,977.26776
801316309,3,977.2769
801316340,3,977.2379
801316372,3,977.24164
801316403,3,977.2524
801316434,3,977.24115
801316465,3,977.24585
801316497,3,977.24066
801316528,3,977.2428
801316559,3,977.24115
801316590,3,977.2433
801316622,3,977.2566
801316653,3,977.279
801316684,3,977.2828
801316715,3,977.2699
801316747,3,977.2502
801316778,3,977.24164
801316809,3,977.25604
801316840,3,977.24066
801316872,3,977.2433
801316903,3,977.2615
801316934,3,977.25385
801316965,3,977.2737
801316997,3,977.27704
801317028,3,977.2829
801317059,3,977.26056
801317090,3,977.2669
801317122,3,977.2941
801317153,3,977.2712
801317184,3,977.28186
801317215,3,977.2616
801317247,3,977.2514
801317278,3,977.2631
801317309,3,977.26056
801317340,3,977.26855
801317372,3,977.24774
801317403,3,977.2382
801317434,3,977.2648
801317465,3,977.2797
801317497,3,977.2754
801317528,3,977.2472
801317559,3,977.2648
801317590,3,977.2957
801317622,3,977.2829
801317653,3,977.29675
801317684,3,977.2882
801317715,3,977.27655
801317747,3,977.26056
801317778,3,977.27655
801317809,3,977.25726
801317840,3,977.2499
801317872,3,977.2595
801317903,3,977.2472
801317934,3,977.26855
801317965,3,977.27014
801317997,3,977.2443
801318028,3,977.2497
801318059,3,977.2721
801318090,3,977.2497
801318122,3,977.2454
801318153,3,977.25885
801318184,3,977.255
801318215,3,977.2428
801318247,3,977.2615
801318278,3,977.2721
801318309,3,977.25885
801318341,3,977.24805
801318372,3,977.2471
801318403,3,977.25934
801318434,3,977.24054
801318465,3,977.255
801318497,3,977.2561
801318528,3,977.2454
801318559,3,977.2667
801318590,3,977.2561
801318622,3,977.25885
801318653,3,977.2721
801318684,3,977.2641
801318715,3,977.28015
801318747,3,977.25714
801318778,3,977.2524
801318809,3,977.26465
801318840,3,977.27264
801318872,3,977.25446
801318903,3,977.255
801318934,3,977.25885
801318965,3,977.2695
801318997,3,977.2748
801319028,3,977.2658
801319059,3,977.2732
801319090,3,977.24915
801319122,3,977.2658
801319153,3,977.27057
801319184,3,977.26843
801319215,3,977.2674
801319247,3,977.2508
801319278,3,977.2604
801319309,3,977.2599
801319340,3,977.26843
801319372,3,977.2732
801319403,3,977.23535
801319434,3,977.27374
801319465,3,977.28656
801319497,3,977.2732
801319528,3,977.29034
801319559,3,977.3078
801319590,3,977.3234
801319622,3,977.3153
801319653,3,977.3234
801319684,3,977.32227
801319715,3,977.2812
801319747,3,977.2748
801319778,3,977.3239
801319809,3,977.3031
801319840,3,977.28705
801319872,3,977.2652
801319903,3,977.27844
801319934,3,977.2758
801319965,3,977.2343
801319997,3,977.25134
801320028,3,977.25635
801320059,3,977.2584
801320090,3,977.25745
801320122,3,977.2531
801320153,3,977.2664
801320184,3,977.28937
801320215,3,977.2756
801320247,3,977.26117
801320278,3,977.27924
801320309,3,977.2531
801320340,3,977.2425
801320372,3,977.26917
801320403,3,977.2916
801320434,3,977.2771
801320465,3,977.26385
801320497,3,977.2877
801320528,3,977.284
801320559,3,977.2877
801320590,3,977.2958
801320622,3,977.27014
801320653,3,977.27014
801320684,3,977.3049
801320715,3,977.28516
801320747,3,977.235
801320778,3,977.2584
801320809,3,977.2739
801320840,3,977.2601
801320872,3,977.2664
801320903,3,977.26917
801320934,3,977.27655
801320965,3,977.27014
801320997,3,977.27014
801321028,3,977.26385
801321059,3,977.2533
801321090,3,977.2496
801321122,3,977.2533
801321153,3,977.2527
801321184,3,977.2415
801321215,3,977.2399
801321247,3,977.2282
801321278,3,977.2345
801321309,3,977.2297
801321340,3,977.2319
801321372,3,977.24524
801321403,3,977.2628
801321434,3,977.2613
801321465,3,977.2613
801321497,3,977.27136
801321528,3,977.2826
801321559,3,977.305
801321590,3,977.2804
801321622,3,977.2538
801321653,3,977.27136
801321684,3,977.2853
801321715,3,977.2853
801321747,3,977.2474
801321778,3,977.2613
801321809,3,977.2676
801321840,3,977.28314
801321872,3,977.2895
801321903,3,977.29596
801321934,3,977.3179
801321965,3,977.3403
801321997,3,977.37744
801322028,3,977.3545
801322059,3,977.2945
801322090,3,977.2837
801322122,3,977.3136
801322153,3,977.3136
801322184,3,977.2991
801322215,3,977.2715
801322247,3,977.26245
801322278,3,977.2315
801322309,3,977.2517
801322340,3,977.25494
801322372,3,977.2603
801322403,3,977.2645
801322434,3,977.2672
801322465,3,977.2837
801322497,3,977.2885
801322528,3,977.27515
801322559,3,977.24115
801322590,3,977.2598
801322622,3,977.2651
801322653,3,977.25757
801322684,3,977.23737
801322715,3,977.2443
801322747,3,977.2294
801322778,3,977.2416
801322809,3,977.224
801322840,3,977.22565
801322872,3,977.232
801322903,3,977.2191
801322934,3,977.22986
801322965,3,977.224
801322997,3,977.224
801323028,3,977.2368
801323059,3,977.221
801323091,3,977.22205
801323122,3,977.221
801323153,3,977.23065
801323184,3,977.2205
801323215,3,977.2333
801323247,3,977.23706
801323278,3,977.24457
801323309,3,977.2194
801323340,3,977.22205
801323372,3,977.22205
801323403,3,977.22845
801323434,3,977.22205
801323465,3,977.23175
801323497,3,977.2407
801323528,3,977.2382
801323559,3,977.25464
801323590,3,977.236
801323622,3,977.2349
801323653,3,977.24884
801323684,3,977.2382
801323715,3,977.2525
801323747,3,977.24457
801323778,3,977.2563
801323809,3,977.22955
801323840,3,977.2377
801323872,3,977.2472
801323903,3,977.2483
801323934,3,977.2407
801323965,3,977.25525
801323997,3,977.26324
801324028,3,977.2808
801324060,3,977.26587
801324090,3,977.2687
801324122,3,977.2536
801324153,3,977.244
801324184,3,977.2665
801324215,3,977.27344
801324247,3,977.2617
801324278,3,977.2687
801324309,3,977.2622
801324340,3,977.2601
801324372,3,977.2687
801324403,3,977.2622
801324434,3,977.2558
801324465,3,977.2687
801324497,3,977.2713
801324528,3,977.2558
801324560,3,977.2877
801324590,3,977.2745
801324622,3,977.2643
801324653,3,977.28674
801324684,3,977.284
801324715,3,977.2771
801324747,3,977.2687
801324778,3,977.28296
801324809,3,977.284
801324840,3,977.2638
801324872,3,977.25745
801324903,3,977.2622
801324934,3,977.2622
801324965,3,977.2633
801324997,3,977.26587
801325028,3,977.26587
801325059,3,977.26483
801325090,3,977.2794
801325122,3,977.27136
801325153,3,977.2772
801325184,3,977.2703
801325215,3,977.27405
801325247,3,977.27136
801325278,3,977.2496
801325309,3,977.2399
801325340,3,977.2613
801325372,3,977.24414
801325403,3,977.2388
801325434,3,977.26184
801325465,3,977.24414
801325497,3,977.2474
801325528,3,977.2559
801325559,3,977.2404
801325590,3,977.2613
801325622,3,977.26385
801325653,3,977.2591
801325684,3,977.272
801325715,3,977.2559
801325747,3,977.2623
801325778,3,977.2538
801325809,3,977.2602
801325840,3,977.2533
801325872,3,977.26495
801325903,3,977.2602
801325934,3,977.27405
801325965,3,977.2559
801325997,3,977.2613
801326028,3,977.2533
801326059,3,977.2496
801326090,3,977.2485
801326122,3,977.28424
801326153,3,977.2768
801326184,3,977.2779
801326215,3,977.288
801326247,3,977.3072
801326278,3,977.29926
801326309,3,977.2779
801326340,3,977.27844
801326372,3,977.29645
801326403,3,977.27527
801326434,3,977.2779
801326465,3,977.3147
801326497,3,977.2854
801326528,3,977.2779
801326559,3,977.26074
801326590,3,977.28485
801326622,3,977.28754
801326653,3,977.2859
801326684,3,977.296
801326715,3,977.3509
801326747,3,977.3728
801326778,3,977.31525
801326809,3,977.31525
801326840,3,977.3356
801326872,3,977.3435
801326903,3,977.34454
801326934,3,977.33655
801326965,3,977.29974
801326997,3,977.30237
801327028,3,977.2907
801327059,3,977.3072
801327090,3,977.305
801327122,3,977.2784
801327153,3,977.31244
801327184,3,977.3076
801327215,3,977.29596
801327247,3,977.3023
801327278,3,977.3429
801327309,3,977.3339
801327340,3,977.31244
801327372,3,977.3013
801327403,3,977.3114
801327434,3,977.29596
801327465,3,977.29596
801327497,3,977.29065
801327528,3,977.30444
801327559,3,977.2986
801327590,3,977.24475
801327622,3,977.2533
801327653,3,977.20953
801327684,3,977.1791
801327715,3,977.1711
801327747,3,977.18713
801327778,3,977.1914
801327809,3,977.20953
801327841,3,977.2069
801327872,3,977.22345
801327903,3,977.2271
801327934,3,977.2249
801327965,3,977.23615
801327997,3,977.22394
801328028,3,977.2485
801328059,3,977.2602
801328090,3,977.2629
801328122,3,977.2725
801328153,3,977.2666
801328184,3,977.2666
801328215,3,977.2586
801328247,3,977.2623
801328278,3,977.26495
801328309,3,977.2602
801328340,3,977.2538
801328372,3,977.249
801328403,3,977.25214
801328434,3,977.24414
801328465,3,977.249
801328497,3,977.25806
801328528,3,977.2404
801328559,3,977.25214
801328590,3,977.25696
801328622,3,977.2597
801328653,3,977.2591
801328684,3,977.2548
801328715,3,977.2586
801328747,3,977.25806
801328778,3,977.24414
801328809,3,977.2623
801328840,3,977.2469
801328872,3,977.2383
801328903,3,977.2496
801328934,3,977.24475
801328965,3,977.25214
801328997,3,977.266
801329028,3,977.25214
801329059,3,977.23676
801329090,3,977.2586
801329122,3,977.25214
801329153,3,977.25214
801329184,3,977.2564
801329215,3,977.29114
801329247,3,977.2794
801329278,3,977.26495
801329309,3,977.26184
801329340,3,977.25116
801329372,3,977.25745
801329403,3,977.2746
801329434,3,977.2548
801329465,3,977.26434
801329497,3,977.2469
801329528,3,977.2458
801329560,3,977.2469
801329590,3,977.27625
801329622,3,977.2709
801329653,3,977.2469
801329684,3,977.2698
801329715,3,977.2751
801329747,3,977.2751
801329778,3,977.2586
801329809,3,977.29065
801329840,3,977.2623
801329872,3,977.2591
801329903,3,977.25214
801329934,3,977.273
801329965,3,977.25214
801329997,3,977.2479
801330028,3,977.2426
801330060,3,977.25214
801330090,3,977.274
801330122,3,977.2666
801330153,3,977.2731
801330184,3,977.2517
801330215,3,977.2581
801330247,3,977.25494
801330278,3,977.26135
801330309,3,977.2645
801330340,3,977.25714
801330372,3,977.2475
801330403,3,977.2453
801330434,3,977.2544
801330465,3,977.2566
801330497,3,977.26086
801330528,3,977.2859
801330559,3,977.2705
801330590,3,977.271
801330622,3,977.26184
801330653,3,977.2598
801330684,3,977.2566
801330715,3,977.26886
801330747,3,977.2731
801330778,3,977.2742
801330809,3,977.2806
801330840,3,977.2699
801330872,3,977.28906
801330903,3,977.2742
801330934,3,977.2833
801330965,3,977.2923
801330997,3,977.2923
801331028,3,977.28705
801331060,3,977.32056
801331090,3,977.3638
801331122,3,977.36957
801331153,3,977.3371
801331184,3,977.3025
801331215,3,977.2592
801331247,3,977.24493
801331278,3,977.2592
801331309,3,977.2753
801331340,3,977.23065
801331372,3,977.2295
801331403,3,977.20483
801331434,3,977.1879
801331465,3,977.2097
801331497,3,977.215
801331528,3,977.21246
801331560,3,977.2033
801331591,3,977.21136
801331622,3,977.21246
801331653,3,977.20483
801331684,3,977.19104
801331715,3,977.21246
801331747,3,977.215
801331778,3,977.21136
801331809,3,977.19635
801331840,3,977.22034
801331872,3,977.2193
801331903,3,977.2363
801331934,3,977.23157
801331965,3,977.23157
801331997,3,977.23535
801332028,3,977.2359
801332059,3,977.23535
801332090,3,977.2412
801332122,3,977.2363
801332153,3,977.2337
801332184,3,977.2386
801332215,3,977.2407
801332247,3,977.25024
801332278,3,977.2561
801332309,3,977.2561
801332340,3,977.27795
801332372,3,977.262
801332403,3,977.24817
801332434,3,977.2492
801332465,3,977.2679
801332497,3,977.2689
801332528,3,977.27594
801332559,3,977.2722
801332590,3,977.2668
801332622,3,977.2711
801332653,3,977.2679
801332684,3,977.27594
801332715,3,977.28015
801332747,3,977.26624
801332778,3,977.2924
801332809,3,977.2845
801332841,3,977.28394
801332872,3,977.28015
801332903,3,977.27795
801332934,3,977.2861
801332965,3,977.3079
801332997,3,977.27844
801333028,3,977.2924
801333059,3,977.2871
801333091,3,977.2913
801333122,3,977.2851
801333153,3,977.2913
801333184,3,977.29565
801333215,3,977.2799
801333247,3,977.2897
801333278,3,977.30347
801333309,3,977.2779
801333341,3,977.2954
801333372,3,977.2779
801333403,3,977.2949
801333434,3,977.29596
801333465,3,977.305
801333497,3,977.2922
801333528,3,977.30133
801333559,3,977.2922
801333590,3,977.305
801333622,3,977.2987
801333653,3,977.30835
801333684,3,977.311
801333715,3,977.30133
801333747,3,977.3141
801333778,3,977.305
801333809,3,977.32745
801333840,3,977.30774
801333872,3,977.3141
801333903,3,977.30237
801333934,3,977.3162
801333965,3,977.30347
801333997,3,977.3061
801334028,3,977.2922
801334059,3,977.3162
801334090,3,977.3088
801334122,3,977.33057
801334153,3,977.311
801334184,3,977.30774
801334215,3,977.3125
801334247,3,977.327
801334278,3,977.3115
801334309,3,977.3115
801334340,3,977.3287
801334372,3,977.34454
801334403,3,977.3371
801334434,3,977.342
801334465,3,977.33496
801334497,3,977.3462
801334528,3,977.34564
801334559,3,977.3297
801334590,3,977.32806
801334622,3,977.33875
801334653,3,977.3307
801334684,3,977.3345
801334715,3,977.3275
801334747,3,977.3253
801334778,3,977.31525
801334809,3,977.3307
801334840,3,977.32806
801334872,3,977.342
801334903,3,977.33606
801334934,3,977.35
801334965,3,977.342
801334997,3,977.32806
801335028,3,977.327
801335059,3,977.33606
801335090,3,977.3297
801335122,3,977.3345
801335153,3,977.3435
801335184,3,977.3569
801335215,3,977.35
801335247,3,977.35956
801335278,3,977.3451
801335309,3,977.3558
801335340,3,977.33875
801335372,3,977.3569
801335403,3,977.34827
801335434,3,977.3558
801335465,3,977.34827
801335497,3,977.35
801335528,3,977.35
801335559,3,977.36804
801335590,3,977.3569
801335622,3,977.34454
801335653,3,977.3569
801335684,3,977.3664
801335715,3,977.3552
801335747,3,977.3654
801335778,3,977.36694
801335809,3,977.3718
801335840,3,977.3664
801335872,3,977.3622
801335903,3,977.36163
801335934,3,977.38135
801335965,3,977.36804
801335997,3,977.3782
801336028,3,977.36163
801336059,3,977.36383
801336090,3,977.3579
801336122,3,977.3521
801336153,3,977.351
801336184,3,977.3488
801336215,3,977.33875
801336247,3,977.3563
801336278,3,977.34674
801336309,3,977.3563
801336340,3,977.34033
801336372,3,977.3516
801336403,3,977.35736
801336434,3,977.3488
801336465,3,977.35266
801336497,3,977.36597
801336528,3,977.3739
801336559,3,977.3772
801336590,3,977.3665
801336622,3,977.3761
801336653,3,977.3878
801336684,3,977.3772
801336715,3,977.3782
801336747,3,977.3878
801336778,3,977.3841
801336809,3,977.39636
801336840,3,977.3761
801336872,3,977.37866
801336903,3,977.3643
801336934,3,977.37445
801336965,3,977.3724
801336997,3,977.3718
801337028,3,977.38245
801337059,3,977.3782
801337090,3,977.38727
801337122,3,977.3697
801337153,3,977.36115
801337184,3,977.38464
801337215,3,977.3969
801337247,3,977.3741
801337278,3,977.38855
801337309,3,977.3794
801337341,3,977.3939
801337372,3,977.3741
801337403,3,977.38586
801337434,3,977.3895
801337465,3,977.3863
801337497,3,977.387
801337528,3,977.3751
801337559,3,977.4093
801337590,3,977.3747
801337622,3,977.38586
801337653,3,977.3906
801337684,3,977.39655
801337715,3,977.39655
801337747,3,977.3863
801337778,3,977.38855
801337809,3,977.3842
801337840,3,977.3842
801337872,3,977.388
801337903,3,977.3906
801337934,3,977.3641
801337965,3,977.3863
801337997,3,977.37305
801338028,3,977.3944
801338059,3,977.3703
801338091,3,977.3854
801338122,3,977.39594
801338153,3,977.4033
801338184,3,977.3863
801338215,3,977.3906
801338247,3,977.3736
801338278,3,977.3887
801338309,3,977.4009
801338340,3,977.3864
801338372,3,977.3997
801338403,3,977.37744
801338434,3,977.38806
801338465,3,977.4057
801338497,3,977.4061
801338528,3,977.39545
801338559,3,977.41095
801338590,3,977.3987
801338622,3,977.41736
801338653,3,977.4137
801338684,3,977.4046
801338715,3,977.4291
801338747,3,977.43225
801338778,3,977.41095
801338809,3,977.4392
801338840,3,977.42267
801338872,3,977.41736
801338903,3,977.4291
801338934,3,977.44507
801338965,3,977.4137
801338997,3,977.42267
801339028,3,977.4137
801339059,3,977.4083
801339090,3,977.39496
801339122,3,977.4265
801339153,3,977.4291
801339184,3,977.41736
801339215,3,977.419
801339247,3,977.421
801339278,3,977.409
801339309,3,977.4126
801339340,3,977.4222
801339372,3,977.42865
801339403,3,977.42865
801339434,3,977.42865
801339465,3,977.4217
801339497,3,977.4222
801339528,3,977.4217
801339559,3,977.42865
801339590,3,977.4217
801339622,3,977.426
801339653,3,977.4222
801339684,3,977.4243
801339715,3,977.42065
801339747,3,977.4222
801339778,3,977.42267
801339809,3,977.4169
801339840,3,977.4403
801339872,3,977.4163
801339903,3,977.409
801339934,3,977.41797
801339965,3,977.4147
801339997,3,977.41425
801340028,3,977.41095
801340059,3,977.41907
801340090,3,977.4126
801340122,3,977.4084
801340153,3,977.40247
801340184,3,977.4046
801340215,3,977.42267
801340247,3,977.42865
801340278,3,977.4169
801340309,3,977.43933
801340340,3,977.4217
801340372,3,977.4233
801340403,3,977.4217
801340434,3,977.4313
801340465,3,977.4324
801340497,3,977.4174
801340528,3,977.42004
801340559,3,977.4084
801340590,3,977.4217
801340622,3,977.4287
801340653,3,977.426
801340684,3,977.42065
801340715,3,977.43884
801340747,3,977.4324
801340778,3,977.426
801340809,3,977.41046
801340840,3,977.4287
801340872,3,977.426
801340903,3,977.4217
801340934,3,977.43445
801340965,3,977.41815
801340997,3,977.618
801341028,3,977.50275
801341059,3,977.4324
801341090,3,977.4553
801341122,3,977.4452
801341153,3,977.4809
801341184,3,977.4927
801341215,3,977.4217
801341247,3,977.42004
801341278,3,977.3993
801341309,3,977.41364
801341340,3,977.38965
801341372,3,977.41095
801341403,3,977.3944
801341434,3,977.41364
801341465,3,977.41095
801341497,3,977.4173
801341528,3,977.42004
801341559,3,977.41364
801341590,3,977.4126
801341622,3,977.435
801341653,3,977.459
801341684,3,977.4344
801341715,3,977.4147
801341747,3,977.43225
801341778,3,977.43225
801341809,3,977.42004
801341840,3,977.43176
801341872,3,977.4126
801341903,3,977.42163
801341934,3,977.43335
801341965,3,977.46155
801341997,3,977.46643
801342028,3,977.4456
801342059,3,977.43225
801342091,3,977.4126
801342122,3,977.42004
801342153,3,977.39496
801342184,3,977.4147
801342215,3,977.4035
801342247,3,977.4243
801342278,3,977.41095
801342309,3,977.42004
801342340,3,977.40955
801342372,3,977.4235
801342403,3,977.40955
801342434,3,977.4235
801342466,3,977.41815
801342497,3,977.42145
801342528,3,977.4651
801342559,3,977.43207
801342590,3,977.4252
801342622,3,977.4162
801342653,3,977.4358
801342684,3,977.4224
801342715,3,977.41815
801342747,3,977.48645
801342778,3,977.4358
801342809,3,977.4438
801342840,3,977.55255
801342872,3,977.5419
801342903,3,977.4891
801342934,3,977.49445
801342965,3,977.5174
801342997,3,977.47205
801343028,3,977.47675
801343059,3,977.4731
801343090,3,977.47577
801343122,3,977.4597
801343153,3,977.4464
801343184,3,977.43524
801343215,3,977.4162
801343247,3,977.43317
801343278,3,977.4571
801343309,3,977.4609
801343340,3,977.4173
801343372,3,977.38104
801343403,3,977.4173
801343434,3,977.41296
801343465,3,977.38745
801343497,3,977.39166
801343528,3,977.37195
801343559,3,977.36505
801343590,3,977.4066
801343622,3,977.4552
801343653,3,977.4226
801343684,3,977.41565
801343715,3,977.42523
801343747,3,977.48126
801343778,3,977.43274
801343809,3,977.39166
801343840,3,977.45465
801343872,3,977.4076
801343903,3,977.3992
801343934,3,977.3943
801343966,3,977.4033
801343997,3,977.49243
801344028,3,977.42523
801344059,3,977.43066
801344090,3,977.46423
801344122,3,977.4572
801344153,3,977.4572
801344184,3,977.4695
801344215,3,977.4263
801344247,3,977.44604
801344278,3,977.45306
801344309,3,977.43066
801344340,3,977.4562
801344372,3,977.43463
801344403,3,977.43835
801344434,3,977.4213
801344466,3,977.448
801344497,3,977.4294
801344528,3,977.42773
801344559,3,977.4315
801344590,3,977.4336
801344622,3,977.4294
801344653,3,977.4229
801344684,3,977.4241
801344715,3,977.4357
801344747,3,977.416
801344778,3,977.3834
801344809,3,977.3679
801344840,3,977.37494
801344872,3,977.3722
801344903,3,977.37335
801344934,3,977.3722
801344965,3,977.37335
801344997,3,977.3766
801345028,3,977.3892
801345059,3,977.39526
801345090,3,977.5195
801345122,3,977.4224
801345153,3,977.4454
801345184,3,977.4464
801345215,3,977.4326
801345247,3,977.44
801345278,3,977.4187
801345309,3,977.4138
801345340,3,977.43207
801345372,3,977.4335
801345403,3,977.4523
801345435,3,977.42017
801345465,3,977.41547
801345497,3,977.4314
801345528,3,977.41705
801345559,3,977.4271
801345590,3,977.4282
801345622,3,977.4218
801345653,3,977.4282
801345684,3,977.4271
801345715,3,977.39777
801345747,3,977.4234
801345778,3,977.4122
801345809,3,977.4122
801345840,3,977.41595
801345872,3,977.4117
801345903,3,977.409
801345934,3,977.4048
801345965,3,977.4015
801345997,3,977.39777
801346028,3,977.4015
801346059,3,977.3748
801346090,3,977.3813
801346122,3,977.39087
801346153,3,977.3914
801346184,3,977.4005
801346215,3,977.41327
801346247,3,977.41815
801346278,3,977.4015
801346309,3,977.4117
801346340,3,977.4048
801346372,3,977.4118
801346403,3,977.4022
801346434,3,977.4059
801346465,3,977.41235
801346497,3,977.4107
801346528,3,977.41235
801346559,3,977.416
801346590,3,977.4112
801346622,3,977.4081
801346653,3,977.4118
801346684,3,977.3834
801346715,3,977.3985
801346747,3,977.416
801346778,3,977.3894
801346809,3,977.4069
801346840,3,977.4187
801346872,3,977.39954
801346903,3,977.39954
801346934,3,977.4006
801346965,3,977.41766
801346997,3,977.39954
801347028,3,977.39514
801347059,3,977.39954
801347090,3,977.4006
801347122,3,977.41235
801347153,3,977.4048
801347184,3,977.41016
801347215,3,977.392
801347247,3,977.39105
801347278,3,977.4048
801347309,3,977.3915
801347340,3,977.4048
801347372,3,977.4048
801347403,3,977.4058
801347434,3,977.40045
801347465,3,977.4159
801347497,3,977.4095
801347528,3,977.40625
801347559,3,977.3956
801347590,3,977.41376
801347622,3,977.40686
801347653,3,977.4116
801347684,3,977.40314
801347715,3,977.42395
801347747,3,977.40625
801347778,3,977.4159
801347809,3,977.40735
801347840,3,977.40735
801347872,3,977.4212
801347903,3,977.4095
801347934,3,977.41315
801347965,3,977.4105
801347997,3,977.409
801348028,3,977.4217
801348059,3,977.4105
801348090,3,977.41907
801348122,3,977.4121
801348153,3,977.4116
801348184,3,977.4121
801348215,3,977.42395
801348247,3,977.41754
801348278,3,977.41907
801348309,3,977.40045
801348340,3,977.4154
801348372,3,977.4243
801348403,3,977.40906
801348434,3,977.41235
801348465,3,977.4209
801348497,3,977.4028
801348528,3,977.40594
801348559,3,977.4107
801348590,3,977.41504
801348622,3,977.40857
801348653,3,977.4107
801348684,3,977.4107
801348715,3,977.4033
801348747,3,977.4033
801348778,3,977.41345
801348809,3,977.40857
801348840,3,977.4044
801348872,3,977.41504
801348903,3,977.4193
801348934,3,977.40906
801348965,3,977.4049
801348997,3,977.4299
801349028,3,977.4182
